product_name,reviews,actual_prices,offered_prices,flipkart_assured,ratings
Mamaearth Ubtan Natural For all Skin Types with Turmeric & Saffron for Tan Face Wash,10691,125.00,112.00,Assured,4.1
Mamaearth Rosemary Hair Fall Control Kit,21211,1031.00,515.00,Assured,4.2
Mamaearth Sunscreen - SPF 50 PA++++ Daily Glow Sunscreen Vitamin C & Turmeric For Sun & Tan Protection All Skin Type,10168,225.00,202.00,Assured,4.0
Mamaearth Daily Glow Face Cream With Vitamin C & Turmeric for Skin Illumination,188413,498.00,236.00,Assured,4.1
Mamaearth Daily Glow Body Lotion For Skin Brightening with Vitamin C & Honey,40660,499.00,249.00,Assured,4.3
Mamaearth Daily Glow Face Cream for Bright Skin With Vitamin C & Turmeric,188413,249.00,212.00,Assured,4.1
Mamaearth Rosemary Hair Growth Oil With Rosemary & Methi Dana For Promoting Hair Growth Hair Oil,33887,444.00,221.00,Assured,4.2
Mamaearth Rice Water & Niacinamide  Face Wash,210628,269.00,229.00,Assured,4.3
Mamaearth Ubtan Moisturizing Body Lotion with Turmeric & Saffron for Glowing Skin,23077,499.00,249.00,Assured,4.3
Mamaearth Ubtan Natural for All Skin type with Turmeric & Saffron for Tan removal and brightning Face Wash,657395,269.00,229.00,Assured,4.3
Mamaearth Vitamin C  for Skin Glow & Illumination With Turmeric Face Wash,114153,499.00,249.00,Assured,4.2
"Mamaearth Talc Free Organic Dusting Powder for Babies, Arrowroot and Oat Starch",20848,199.00,169.00,Assured,4.2
Mamaearth Vitamin C Nourishing Cold Cream for Face & Body with Vitamin C & Honey,47729,199.00,179.00,Assured,4.2
Mamaearth Cocoa Rich Moisturizing Body Lotion with Cocoa Butter & Vitamin E,16428,499.00,249.00,Assured,4.4
Mamaearth Vitamin C Daily Glow Light Moisturizing Cream with Vitamin-C and Turmeric,8560,149.00,131.00,Assured,4.3
Mamaearth Onion Redensyl For Fall Control Hair Oil,45833,444.00,221.00,Assured,4.2
Mamaearth Foaming  For Kids With Aloe Vera & Coconut For Gentle Cleansing- 150 ml Face Wash,2986,349.00,309.00,Assured,4.4
Mamaearth Sunscreen - SPF 20 PA+++ Mineral Based Sunscreen for Babies,21699,150.00,129.00,Assured,4.3
Mamaearth Sunscreen - SPF 50 PA+++ Daily Glow with Vitamin C & Turmeric for Sun Protection,57561,349.00,297.00,Assured,4.0
Mamaearth Creamy Matte Long Stay Lipstick with Murumuru Butter and Vitamin E,28582,399.00,155.00,Assured,4.1
Mamaearth Cocoa Rich Moisturizing Body Lotion with Cocoa Butter & Vitamin E Pack Of 2,16428,938.00,440.00,Assured,4.4
Mamaearth Ubtan Skin Brightening Soap,9339,99.00,89.00,Assured,4.3
Mamaearth Tan Removal Combo Face Wash,15687,608.00,380.00,Assured,4.3
Mamaearth Vitamin C  for Skin Glow & Illumination With Turmeric Face Wash,203235,269.00,229.00,Not Assured,4.2
Mamaearth Rice Water and Niacinamide for Glass Skin  Face Wash,10810,125.00,112.00,Assured,4.2
Mamaearth Bye Bye Blemishes  with Mulberry and Vitamin C for Even Skin Tone - 100 ml Gently Cleanses | Reduces Dark Spots | Brightens Skin | Reduces Pigmentation | Niacinamide Face Wash,7224,265.00,251.00,Assured,4.1
"Mamaearth Milky Soft Body Lotion with Oats, Milk & Calendula - 400 ml",9463,499.00,409.00,Assured,4.4
Mamaearth Ubtan Nourishing Cold Cream for Winter with Turmeric & Saffron for Glowing Moisturization,51014,349.00,237.00,Assured,4.3
Mamaearth Lemon Anti-Dandruff Shampoo for Itchy & Flaky Scalp with Lemon & Ginger,24213,349.00,331.00,Not Assured,4.1
Mamaearth Ubtan Detan Face Pack with Turmeric & Natural Saffron for Normal to Oily Skin,2892,499.00,279.00,Assured,4.3
Mamaearth Ubtan Nourishing Cold Cream for Winter with Turmeric & Saffron,51014,199.00,189.00,Assured,4.3
"Mamaearth Shampoo for Hair Growth & Hair Fall Control, with Onion Oil & Plant Keratin",179238,559.00,338.00,Assured,4.2
Mamaearth Daily Glow Face Cream With Vitamin C & Turmeric for Skin Illumination,49752,399.00,333.00,Assured,4.1
Mamaearth Rice Water Hydrating Body Lotion with Rice Water & Niacinamide for Glass Skin,29073,938.00,440.00,Assured,4.3
Mamaearth Vitamin C Sunscreen Body Lotion SPF 30 - 300 ml (Pack of 2),1504,798.00,378.00,Assured,4.2
Mamaearth Moisture Matte Longstay Mini Lipstick with Avocado Oil & Vitamin E,7701,349.00,203.00,Assured,4.1
Mamaearth Vitamin C Daily Glow Face Serum & Turmeric for Radiant Skin,92208,225.00,191.00,Assured,4.1
Mamaearth Rosemary Anti-HairFall Shampoo with Rosemary & Methi Dana for Reducing Hair Loss,50402,310.00,249.00,Assured,4.2
Mamaearth Anti-Hair Fall Shampoo with Rosemary & Methi Dana | Reduce Hair Loss & Breakage,50402,799.00,399.00,Assured,4.2
Mamaearth Rice  With Rice Water & Niacinamide for Glass Skin Face Wash,33531,538.00,432.00,Assured,4.3
Mamaearth Rice  With Rice Water & Niacinamide for Glass Skin Face Wash,33531,538.00,432.00,Assured,4.3
Mamaearth Vitamin C Daily Glow Face Serum & Turmeric for Radiant Skin,92208,225.00,191.00,Assured,4.1
Mamaearth Anti-Hair Fall Shampoo with Rosemary & Methi Dana | Reduce Hair Loss & Breakage,50402,799.00,399.00,Assured,4.2
Mamaearth Beetroot Natural Pink Glow Combo | Beetroot Gentle Face Wash (100ml) And Beetroot Hydraful Moisturizer (50ml) | Combo Pack,717,608.00,488.00,Assured,4.2
"Mamaearth Rice Oil-Free Face Moisturizer, for Oily Skin, With Rice Water & Niacinamide",46197,319.00,271.00,Assured,4.3
Mamaearth Ubtan Natural  | Anti-Tan For all Skin Types with Turmeric� & Saffron Face Wash,657395,399.00,337.00,Assured,4.3
Mamaearth Coco Soft Face Cream With Coconut Milk & Turmeric For Babies,16043,199.00,156.00,Assured,4.4
Mamaearth Rice Water Dewy Face Toner with Rice Water & 4% Niacinamide for Glass Skin Men & Women,4047,429.00,353.00,Assured,4.4
Mamaearth Neem Pimple Care  with Neem & Salicylic Acid Face Wash,2568,349.00,280.00,Assured,4.2
Mamaearth Multani Mitti and Bulgarian Rose Deep Cleansing Soap,7049,99.00,89.00,Assured,4.2
Mamaearth Lemon Anti-Dandruff Conditioner with Lemon & Ginger for Soft & Smooth Hair,3795,349.00,280.00,Assured,4.2
Mamaearth Onion Shampoo for Growth & Hair Fall Control with Onion & Plant Keratin,179166,839.00,354.00,Assured,4.2
"Mamaearth Moisturizing Baby Bathing Soap Bar pH 5.5 with Goat Milk and Oatmeal, 75g (Pack of 2)",65161,249.00,173.00,Assured,4.4
Mamaearth Tea Tree Oil-Free Moisturizer For Face For Oily Skin with Tea Tree & Salicylic Acid for Acne & Pimples,35500,319.00,265.00,Assured,4.2
Mamaearth Vitamin C Nourishing Cold Cream for Face & Body with Vitamin C & Honey for Illuminating Moisturization,47729,349.00,237.00,Assured,4.2
Mamaearth Ubtan Moisturizing Body Wash with Turmeric & Saffron for Tan Removal,2347,299.00,212.00,Assured,4.3
Mamaearth Rosemary Water Anti-Hair Fall Spray with 100% Pure Rosemary Water & Methi Dana,6186,399.00,258.00,Assured,4.3
Mamaearth India's First Organic Bamboo Based Baby Wipes,4714,249.00,230.00,Assured,4.4
Mamaearth Beetroot Gentle  With Beetroot & Hyaluronic Acid For Hydrated Pink Glow Face Wash,38000,269.00,229.00,Assured,4.3
Mamaearth Rosemary Essential For Growth|100% Pure & Natural For Fall Control Hair Oil,2816,449.00,426.00,Assured,4.1
Mamaearth Aloe Vera Gel for Glowing Skin & Hair with Pure Vera & Vitamin E,55234,319.00,280.00,Assured,4.4
"Mamaearth ""Anti Fall Spa Range with Onion Hair Oil + Shampoo + Conditioner for Control""",111841,1031.00,515.00,Assured,4.1
Mamaearth Daily Glow Face Serum With Vitamin C & Turmeric for Radiant Skin,25174,399.00,340.00,Assured,4.2
"Mamaearth Skin Illuminate Face Cream, for skin brightening, with Vitamin C and Turmeric",49752,249.00,212.00,Assured,4.1
"Mamaearth Scrub for Glowing Skin, With Rice Water & Niacinamide for Glass Skin Scrub",9582,349.00,290.00,Assured,4.3
Mamaearth Ubtan Moisturizing Lotion Soap | Removes Tan | Benefits of Lotion in a Soap,9339,792.00,483.00,Assured,4.3
Mamaearth Sunscreen - SPF 50 PA++++ Rich Moisturizing Ultra Light Sunscreen,1412,399.00,299.00,Assured,4.3
"Mamaearth Sunscreen - SPF 50 PA+++ Vitamin C Daily Glow Sunscreen, Tan Protection, No White Cast with Turmeric",17043,499.00,415.00,Assured,4.2
Mamaearth Multani Mitti & Bulgarian Rose For Oil Control & Acne - 100 ml | Suits All Skin Types | Hydrating & Gentle | Paraben-Free | No Silicones | Sulphate-Free Face Wash,58650,269.00,224.00,Assured,4.3
Mamaearth Onion Hair Fall Shampoo for Hair Growth & Hair Fall Control with added Keratin,179166,114.00,108.00,Not Assured,4.2
Mamaearth Daily Glow Face Cream with Beetroot & Hyaluronic Acid | Lightweight & Non-Greasy,26916,249.00,212.00,Assured,4.1
Mamaearth Bye Bye Dark Circles Eye Cream,73942,399.00,340.00,Assured,4.0
Mamaearth Aloe Turmeric Gel For Face From 100 % Pure Aloe Vera Plant,22542,349.00,280.00,Assured,4.2
Mamaearth Tea Tree Foaming �for Acne & Pimples with Tea Tree & Salicylic Acid Face Wash,30376,399.00,321.00,Assured,4.3
Mamaearth Beetroot Tinted 100% Natural Lip Balm with Beetroot & Beeswax|Natural Pink Tint Beetroot,17967,299.00,252.00,Assured,4.2
Mamaearth Ubtan Oil-Free Face Moisturizer with Turmeric & Saffron for Skin Brightening,41208,319.00,265.00,Assured,4.2
Mamaearth Rice Dewy Bright Face Pack with Rice Water & Niacinamide For Glass Skin,891,499.00,279.00,Assured,4.4
Mamaearth Shampoo for Hair Fall Control & Hair Growth with Onion & Plant Keratin,179166,862.00,429.00,Assured,4.2
"Mamaearth Nourishing Bathing Bar(Pack of 5: Mango Bite, Strawberry Souffle, Apple Sorbet, Blueberry Blush & Orange Bar)",8235,444.00,369.00,Assured,4.3
Mamaearth Face Pack with Multani & Bulgarian Rose| Hydrating & Glowing,9687,349.00,314.00,Assured,4.1
"Mamaearth Coco Soft Body Lotion with Coconut Milk & Turmeric, for babies, 400 ml",4678,499.00,409.00,Assured,4.3
Mamaearth Rice Facial Kit With Rice Water & Niacinamide For Glass Skin In 6 Easy Steps,14774,399.00,336.00,Assured,4.2
Mamaearth Glowing Skin With Vitamin C and Walnut For Skin Illumination Face Scrub,7457,349.00,290.00,Assured,4.3
Mamaearth Sunscreen - SPF 50 PA+++ Vitamin C Daily Glow Sunscreen with Vitamin C & Turmeric for Sun Protection,12682,698.00,543.00,Assured,4.0
Mamaearth Ubtan  with Turmeric & Saffron for Tan Removal Face Wash,9950,777.00,553.00,Assured,4.4
Mamaearth Rosemary Anti-Hair Fall Combo-,5451,698.00,475.00,Assured,4.2
"Mamaearth Coco Soft Massage Oil for new born, with Coconut & Turmeric Oil",1523,399.00,309.00,Assured,4.3
Mamaearth Glow Serum Foundation 30ml + Glow Oil Control Compact SPF 30 for a Flawless Base 9g,2877,1098.00,833.00,Assured,4.1
"Mamaearth Milky Soft Shampoo with Oats, Milk and Calendula for Babies",8086,444.00,409.00,Assured,4.4
Mamaearth Sunscreen - SPF 50 PA+++ Ultra Light Indian Sunscreen with Carrot Seed & Turmeric|For Broad Spectrum,3261,399.00,340.00,Assured,4.1
Mamaearth Beetroot Hydraful Light Moisturizing Cream with Hyaluronic Acid for Pink Glow,9420,449.00,374.00,Assured,4.3
Mamaearth Bye Bye Blemishes* Face Cream,40430,471.00,401.00,Assured,4.1
Mamaearth Ubtan with Turmeric & Saffron Face Wash,657395,518.00,413.00,Assured,4.3
Mamaearth Sunscreen - SPF 50 PA++++ Beetroot Hydraful Sunscreen With Hyaluronic Acid | Hydrates Skin | No White Cast,4627,399.00,340.00,Assured,4.2
Mamaearth Rice Water & Niacinamide for Glass Skin  Face Wash,210628,799.00,617.00,Assured,4.3
Mamaearth Honey Malai Oil-Free Face Moisturizer for Nourishing Glow,4283,319.00,271.00,Assured,4.1
Mamaearth Onion Shampoo for Hair Growth and Hair Fall Control with Onion andPlant Keratin,179166,1244.00,621.00,Assured,4.2
"Mamaearth Natural Breathe Easy Vapour Roll-On, 40ml Balm",730,299.00,213.00,Assured,4.4
"Mamaearth Milky Soft Head to Toe Wash With Oats, Milk & Calendula for Babies | 2-in-1",6572,499.00,409.00,Assured,4.5
Mamaearth Lemon Anti-Dandruff Shampoo with Lemon & Ginger for Itchy & Flaky Scalp,1143,549.00,353.00,Assured,4.3
Mamaearth Ubtan Cleanse & Sun-Shield Combo | Ubtan Face Wash- 100 ml & Ubtan Detan Sunscreen- 50g | Removes Tan | Brightens Skin,425,658.00,553.00,Assured,4.2
"Mamaearth Beetroot Hydraful Essence Serum for Hydrated Pink Glow, Smooth & Plumping Skin",6117,299.00,226.00,Assured,4.2
Mamaearth Deeply Nourishing Body Wash for Babies,23127,249.00,209.00,Assured,4.4
Mamaearth Cold Cream with Honey & Malai For Nourishing Glow,7551,349.00,331.00,Assured,4.3
Mamaearth Vitamin C Moisturizing Lotion Soap with Vitamin C & Honey for Skin Illumination,6785,792.00,447.00,Assured,4.3
Mamaearth Skin Correct Face Serum with Niacinamide and Ginger Extract for Acne Marks & Scars,56214,349.00,280.00,Assured,4.2
Mamaearth Ubtan Sunscreen Body Lotion SPF 30 300 ml (Pack of 2),1323,798.00,378.00,Assured,4.2
"Mamaearth 100 Percent Natural Berry Blast Kids Toothpaste, 50g Toothpaste",24367,149.00,129.00,Assured,4.3
"Mamaearth Gentle Cleansing Baby Shampoo : New borns, babies and kids",75984,249.00,170.00,Assured,4.4
Mamaearth CoCo Facewash for Skin Awakening�with Coffee & Cocoa Face Wash,10870,269.00,229.00,Assured,4.2
"Mamaearth Nourishing Baby Hair Oil, with Almond & Avocado Oil Hair Oil",9046,355.00,284.00,Assured,4.4
"Mamaearth Onion Hair Serum For Silky & Smooth Hair, Tames Frizzy Hair, with Onion & Biotin for Strong, Tangle Free & Frizz-Free Hair",50988,299.00,254.00,Assured,4.1
Mamaearth Dusting Powder with Organic,10391,349.00,248.00,Assured,4.3
Mamaearth Multani Mitti  with Bulgarian Rose For Oil Control & Acne (Pack of 2) Face Wash,15107,518.00,397.00,Assured,4.3
Mamaearth Rice Dewy Bright Light Gel Moisturizer with Rice Water & Niacinamide For Glass,762,499.00,339.00,Assured,4.3
Mamaearth Multani Mitti Moisturizing Lotion Soap with Multani Mitti & Bulgarian Rose,7049,792.00,447.00,Assured,4.2
Mamaearth Vitamin C Oil-Free Moisturizer for Skin Illumination For Face with & Gotu Kola,30385,319.00,271.00,Assured,4.3
"Mamaearth Milky Soft Head to Toe Wash With Oats, Milk, and Calendula for Babies",6572,249.00,210.00,Assured,4.5
Mamaearth Natural Henna paste� for Rich Colored Hair with Henna & Dark Roasted Coffee,9142,249.00,212.00,Assured,3.9
"Mamaearth Vitamin C Foaming  with brush, Combo Pack with Refill Face Wash",8820,599.00,482.00,Assured,4.3
Mamaearth Ubtan Cleanse & Sun-Shield Combo | Ubtan Face Wash- 100 ml & Ubtan Detan Sunscreen- 50g | Removes Tan | Brightens Skin,425,658.00,553.00,Assured,4.2
"Mamaearth Vitamin C Sleeping Mask, For Women, for Skin Illumination - 100 g",6413,599.00,569.00,Assured,4.2
Mamaearth Vitamin C Daily Glow Face Pack with Vitamin C & Natural Turmeric All Skin Type,413,499.00,401.00,Assured,4.2
"Mamaearth Milky Soft Body Lotion with Oats, Milk & Calendula - 400 ml",9463,499.00,409.00,Assured,4.4
Mamaearth Ubtan Nourishing Cold Cream for Winter with Turmeric & Saffron for Glowing Moisturization,51014,349.00,237.00,Assured,4.3
"Mamaearth Sunscreen - SPF 50 PA+++ Sunscreen Lotion For Indian Skin and Tan Protection, With Turmeric & Carrot Seed",52404,499.00,417.00,Assured,4.2
Mamaearth Sunscreen - SPF 30 Vitamin C Sunscreen Body Lotion SPF 30 with Vitamin C & Honey for Radiant Skin,6653,399.00,333.00,Assured,4.2
Mamaearth Natural Mosquito Repellent for babies(3 months+),3841,299.00,219.00,Assured,4.0
Mamaearth Glow Pore Blurring Primer with Vitamin C & Turmeric | Enhances Skin’s Glow Primer  - 25 g,541,599.00,478.00,Assured,4.4
Mamaearth Glow Oil Control Compact SPF 30 with Vitamin C & Turmeric for 2X Instant Glow Compact,18557,444.00,374.00,Assured,4.0
Mamaearth Nourishing Glow Honey & Malai Face Wash,14971,269.00,229.00,Assured,4.2
Mamaearth Vitamin C Moisturizing Lotion Soap with Vitamin C & Honey for Skin Illumination,6785,792.00,447.00,Assured,4.3
Mamaearth Dusting Powder with Organic,10391,349.00,248.00,Assured,4.3
Mamaearth Soothing Massage Oil for Babies,6728,299.00,239.00,Assured,4.3
Mamaearth Beetroot Hydraful Facial Kit with Beetroot & Hyaluronic Acid |Hydrated Pink Glow,488,399.00,355.00,Assured,4.2
"Mamaearth Rose Tinted 100% Natural Lip Balm for bright Lips, With Rose & Castor Oil For 12 Hour Moisturization Rose",23448,299.00,227.00,Assured,4.2
Mamaearth Vitamin C  for Skin Glow & Illumination With Turmeric Face Wash,203235,269.00,229.00,Not Assured,4.2
Mamaearth Niacin Toner For Face for Acne & Open Pores with Niacinamide & Witch Hazel Men & Women,3122,399.00,379.00,Assured,4.3
Mamaearth Rice  With Rice Water & Niacinamide for Glass Skin Face Wash,33531,538.00,432.00,Assured,4.3
Mamaearth Rice Dewy Bright Light Moisturizing Cream with Rice Water & Niacinamide,5022,169.00,152.00,Assured,4.3
"Mamaearth Nourishing Bathing Bar(Pack of 5: Mango Bite, Strawberry Souffle, Apple Sorbet, Blueberry Blush & Orange Bar)",8235,444.00,369.00,Assured,4.3
Mamaearth Rice Water Moisturizing Body Wash with Rice Water & Hydrating Lily Scent,1997,299.00,254.00,Assured,4.4
Mamaearth Aloe Vera  for Youthful Glow with Aloe Vera & Ashwagandha Face Wash,10606,269.00,229.00,Assured,4.2
Mamaearth Lemon Anti-Dandruff Conditioner with Lemon & Ginger for Soft & Smooth Hair,3795,349.00,280.00,Assured,4.2
Mamaearth Cocoa Rich Moisturizing Cream with Cocoa Butter & Vit E for Deep Nourishment,1819,149.00,134.00,Assured,4.2
"Mamaearth Rice Night Cream, for Clear Skin With Rice Water & Niacinamide for Glass Skin",3097,599.00,510.00,Assured,4.2
Mamaearth Nourishing Tinted 100% Natural Lip Balm with Vitamin E and Raspberry Raspberry,6650,199.00,160.00,Assured,4.2
Mamaearth Sunscreen - SPF 50 PA+++ Ultra Light Indian Sunscreen with Carrot Seed & Turmeric|For Broad Spectrum,3261,399.00,340.00,Assured,4.1
Mamaearth Cocoa Rich Moisturizing Body Lotion with Cocoa Butter & Vitamin E Pack Of 2,16428,938.00,440.00,Assured,4.4
Mamaearth Vitamin C Face Mask for Skin Illuminitation With Vitamin C & Kaolin Clay,8484,499.00,428.00,Assured,4.2
Mamaearth Onion Hair Styling Cream for Men with Onion & Redensyl for Nourishment & Styling Hair Cream,3751,299.00,264.00,Assured,4.1
Mamaearth Cherry Moisture Therapy Lip Balm for Dry & Chapped Lips Unflavored,579,299.00,254.00,Assured,4.3
Mamaearth Rosemary Essential For Growth|100% Pure & Natural For Fall Control Hair Oil,2816,449.00,426.00,Assured,4.1
Mamaearth Ubtan Scrub For Face� for Tan Removal with Turmeric & Walnut Scrub,17123,349.00,331.00,Assured,4.3
Mamaearth Foaming  For Kids With Aloe Vera & Coconut For Gentle Cleansing- 150 ml Face Wash,2986,349.00,309.00,Assured,4.4
Mamaearth Vitamin C Nourishing Cold Cream for Face & Body with Vitamin C & Honey,47729,199.00,179.00,Assured,4.2
Mamaearth Vitamin C Face Cream for Skin Illumination with SPF 20 & Vitamin C,8506,599.00,311.00,Assured,4.2
"Mamaearth Shampoo for Hair Growth & Hair Fall Control, with Onion Oil & Plant Keratin",179166,559.00,338.00,Assured,4.2
Mamaearth Tan Removal Combo Face Wash,15687,608.00,380.00,Assured,4.3
"Mamaearth Beetroot Hydraful Essence Serum for Hydrated Pink Glow, Smooth & Plumping Skin",6117,299.00,226.00,Assured,4.2
Mamaearth Night Cream For Women with Vitamin C & Gotu Kola for Skin Illumination,9053,599.00,522.00,Assured,4.2
Mamaearth Vitamin C Bamboo Sheet Mask(Pack of 2),4665,298.00,256.00,Assured,4.3
Mamaearth Multani Mitti Oil Balance Face Pack With Bulgarian Rose For Normal to Oily Skin,227,499.00,401.00,Assured,4.0
Mamaearth Tea Tree Foaming  for Acne & Pimples with Salicylic Acid Face Wash,40656,599.00,299.00,Assured,4.3
Mamaearth Ubtan Moisturizing Lotion Soap | Removes Tan | Benefits of Lotion in a Soap,9339,792.00,483.00,Assured,4.3
Mamaearth Glow Serum Foundation with Vitamin C & Turmeric for 12-Hour Long Stay Foundation,32126,599.00,409.00,Not Assured,4.2
Mamaearth Bye Bye Blemishes  with Mulberry and Vitamin C for Even Skin Tone - 100 ml Gently Cleanses | Reduces Dark Spots | Brightens Skin | Reduces Pigmentation | Niacinamide Face Wash,7224,265.00,251.00,Assured,4.1
"Mamaearth Milky Soft Head to Toe Wash With Oats, Milk, and Calendula for Babies",6572,249.00,210.00,Assured,4.5
Mamaearth Sunscreen - SPF 50 PA+++ Daily Glow with Vitamin C & Turmeric for Sun Protection,57561,349.00,297.00,Assured,4.0
Mamaearth Rice Water Conditioner for Damaged Dry & Frizzy Hair with Rice Water & Keratin,8883,349.00,280.00,Assured,4.2
Mamaearth Face Pack with Multani & Bulgarian Rose| Hydrating & Glowing,9687,349.00,314.00,Assured,4.1
Mamaearth Baby DermaSoft Face Cream with SensiCareComplex for Baby's Skin,616,329.00,266.00,Assured,4.3
"Mamaearth Onion Hair Mask For Dry & Frizzy Hair, Controls Hairfall",7778,599.00,477.00,Assured,4.3
Mamaearth Sunscreen - SPF 50 Ubtan Body Lotion with Turmeric & Saffron for Glowing Skin,4514,399.00,333.00,Assured,4.2
Mamaearth Soft Matte,30927,399.00,333.00,Assured,4.1
Mamaearth Long Stay Colored Kajal for 11 Hour Long Stay,984,349.00,280.00,Assured,4.3
Mamaearth Vitamin C Daily Glow Light Gel Moisturizer with Vit C & Turmeric for Skin,519,499.00,359.00,Assured,4.2
Mamaearth Multani Mitti  with Bulgarian Rose For Oil Control & Acne (Pack of 2) Face Wash,15107,518.00,397.00,Assured,4.3
Mamaearth Moisture Matte Lipstick with Avocado Oil & Vitamin E for 12 Hour Long Stay,63,599.00,458.00,Assured,4.2
Mamaearth Charcoal  with Activated & Coffee for Oil Control Face Wash,67661,269.00,229.00,Assured,4.2
Mamaearth Vitamin C Nourishing Cold Cream for Face & Body with Vitamin C & Honey for Illuminating Moisturization,47729,349.00,237.00,Assured,4.2
Mamaearth Tea Tree Oil Control Facewash with Tea Tree & Neem for Normal to Oily Skin | Upto 12 Hrs Oil Control | Cleanses Gently | Controls Acne & Pimples Face Wash,532,399.00,306.00,Assured,4.3
Mamaearth Onion Oil Promotes Hair Growth & Controls Hairfall Hair Oil,236192,372.00,334.00,Assured,4.1
Mamaearth Nourishing Tinted 100% Natural Lip Balm with Vitamin E and Strawberry Strawberry,1046,398.00,301.00,Assured,4.3
Mamaearth Vitamin C Glow Getter Duo | Vitamin C Face Wash (100ml) & Vitamin C Daily Glow Sunscreen (80g) |Gives SPF 50 & PA++++ Protection,188,708.00,663.00,Assured,4.1
Mamaearth BhringAmla Hair Oil with Bhringraj & Amla for Intense Hair Treatment Hair Oil,8510,499.00,315.00,Assured,4.2
Mamaearth Sunscreen - SPF 50 PA+++ HydraGel Indian Sunscreen for Sun Protection With Aloe Vera & Raspberry,17968,369.00,350.00,Assured,4.1
Mamaearth Multani Mitti & Bulgarian Rose For Oil Control & Acne | Suits All Skin Types | Hydrating & Gentle | Paraben-Free | No Silicones | Sulphate-Free Face Wash,5364,125.00,112.00,Assured,4.2
Mamaearth Liquid Matte Sindoor with Almond Extract & Vitamin E Long-lasting - 2.8 ml Liquid,75,199.00,197.00,Assured,4.1
Mamaearth Hair Growth Combo,4260,768.00,529.00,Assured,4.1
Mamaearth Hibiscus Damage Repair Shampoo With Hibiscus & Curry Leaves for Strong & Hair,2003,310.00,220.00,Assured,4.2
Mamaearth Multani Mitti and Bulgarian Rose Deep Cleansing Soap,7049,99.00,89.00,Assured,4.2
"Mamaearth Kerala Thaali Hair Care Kit- Kerala Thaali Hair Oil (150 ml), Kerala Thaali Shampoo (250 ml), Kerala Thaali Conditioner (250 ml)",567,1117.00,660.00,Assured,4.2
Mamaearth Bathing Bar for Babies - Pack of 4,65161,498.00,409.00,Assured,4.4
Mamaearth Neem Pimple Care  with Neem & Salicylic Acid Face Wash,2568,349.00,280.00,Assured,4.2
Mamaearth Multani Mitti Moisturizing Lotion Soap with Multani Mitti & Bulgarian Rose,7049,792.00,447.00,Assured,4.2
Mamaearth Chia Calming Moisturizer Face Cream For Dry & Sensitive Skin | 24H Long Lasting,158,399.00,223.00,Assured,4.4
"Mamaearth Bye Bye Blemishes Face Cream, For Pigmentation & Blemish Removal, With Mulberry Extract & Vitamin C - 30ml",72,460.00,440.00,Not Assured,4.0
Mamaearth Daily Moisturizing Lotion for Babies,46,199.00,127.00,Not Assured,4.3
Mamaearth Soft Matte Long Stay Lipstick with Jojoba Oil & Vitamin E for 12 Hour Long Stay,5983,399.00,344.00,Assured,4.0
Mamaearth Sunscreen - SPF 50 PA++++ Aqua Glow Hydrating Sunscreen Gel with Himalayan Thermal Water & Hyaluronic Acid,12698,399.00,340.00,Assured,4.3
Mamaearth Tea Tree Anti Dandruff Shampoo,32084,310.00,249.00,Not Assured,4.1
"Mamaearth Hair Fall Control Combo(Onion Shampoo, 400ml + Onion Conditioner, 400ml)",1712,1118.00,817.00,Assured,4.3
"Mamaearth Charcoal Black Long Stay Kohl, Kajal Black Waterproof, With Castor Oil & Chamomile For 11-Hour Smudge-free Stay with Free Sharpener",4690,499.00,474.00,Assured,4.3
Mamaearth Tea Tree Foaming �for Acne & Pimples with Tea Tree & Salicylic Acid Face Wash,30376,399.00,321.00,Assured,4.3
Mamaearth Baby Rich Moisturizing Cream with Almond Oil & Shea Butter For Dry Skin,4223,399.00,303.00,Assured,4.3
Mamaearth Vitamin C Foaming  Face Wash,85685,399.00,321.00,Assured,4.3
"Mamaearth Rice Water Shampoo With & Keratin For Damaged, Dry and Frizzy Hair",18966,310.00,241.00,Assured,4.2
Mamaearth Vitamin C and Turmeric for Skin Illumination Face Wash,1811,399.00,337.00,Assured,4.2
Mamaearth Nourishing Tinted 100% Natural Lip Balm with Vitamin E and Strawberry,13042,150.00,142.00,Assured,4.2
"Mamaearth Kerala Thaali Cleansing Hair Mask with Hibiscus, Shikakai, Amla, Flaxseed",2147,598.00,459.00,Assured,4.2
"Mamaearth Sunscreen - SPF 50 PA++++ Chia Oil-Free Sunscreen with Chia Seed & Ceramides, For tan Protection",81,399.00,321.00,Assured,4.0
Mamaearth Beetroot Hydraful Light Gel Moisturizer with Beetroot & HA,517,499.00,359.00,Assured,4.4
Mamaearth Natural Charcoal Purifying Face Pack Glowing Skin for Normal to Oily Skin,179,499.00,401.00,Assured,4.3
Mamaearth Bye Bye Blemishes* Face Cream,40425,471.00,401.00,Assured,4.1
Mamaearth Chia Hydra-Calm Face Pack with Chia Seed & Ceramides for Healthy Skin Barrier,587,499.00,401.00,Assured,4.4
Mamaearth Onion Scalp Serum for Healthy Hair Growth� with Onion� Niacinamide,3191,599.00,340.00,Assured,4.2
Mamaearth Vitamin C Daily Glow Body Lotion For Skin Brightening with Vitamin C & Honey,40660,125.00,113.00,Assured,4.3
Mamaearth BhringAmla Shampoo with Bhringraj & Amla – 250 ml,18457,310.00,220.00,Assured,4.2
"Mamaearth For Damaged, Dry and Frizzy Hair Oil",2310,416.00,291.00,Assured,4.3
Mamaearth Curd Smoothening Shampoo with Curd & Keratin for Smooth & Shiny Hair,3712,349.00,220.00,Assured,4.2
Mamaearth Charcoal Black Long Stay Kajal Kohl Pencil with Free Sharpener (Pack of 2),4690,998.00,709.00,Assured,4.3
Mamaearth Tea Tree Face Scrub with Tea Tree and Neem for Skin Purification Scrub,2735,349.00,290.00,Assured,4.3
"Mamaearth Natural Toothpaste, Orange Flavour Toothpaste",7923,132.00,120.00,Assured,4.3
Mamaearth Oil Free Moisturizer For Face With Apple Cider Vinegar,76596,99.00,94.00,Assured,4.2
Mamaearth Ubtan Body Scrub for Tan Removal with Turmeric & Saffron Scrub,5664,499.00,474.00,Assured,4.3
Mamaearth Onion Healthy Hair Combo (Onion Hair Oil - 250 ml + Onion Shampoo - 600 ml + Onion Conditioner - 400 ml),928,1907.00,1716.00,Assured,4.2
"Mamaearth Coco Soft Bathing Bar for Babies, With Coconut Oil & Turmeric Pack of 2",5991,249.00,193.00,Assured,4.4
"Mamaearth Kerala Thaali Hair Oil with Hibiscus, Bhringraj, Methi Dana & Amla Hair Oil",572,419.00,334.00,Assured,4.2
Mamaearth Shampoo for Hair Fall Control & Hair Growth with Onion & Plant Keratin,179166,862.00,429.00,Assured,4.2
Mamaearth Curd Smoothening Conditioner with Curd & Keratin for Smooth & Shiny Hair,2792,349.00,280.00,Assured,4.2
Mamaearth India's First Organic Bamboo Based Baby Wipes,4714,249.00,230.00,Assured,4.4
Mamaearth Moisturizing Daily Lotion For Babies/Kids,80171,125.00,109.00,Assured,4.3
Mamaearth Moisture Matte Longstay Lipstick for 12 Hour Long Stay,56738,499.00,417.00,Assured,4.1
Mamaearth Honey Malai Oil-Free Face Moisturizer for Nourishing Glow,4283,319.00,271.00,Assured,4.1
Mamaearth Kerala Thaali Nourish & Cleanse Combo - Kerala Thaali Hair Oil (150 ml) + Kerala Thaali Shampoo (250 ml),187,768.00,493.00,Assured,4.2
Mamaearth Nourishing Tinted 100% Raspberry,966,498.00,301.00,Assured,4.2
Mamaearth Hair Growth Oil With Rosemary & Methi Dana For Promoting Hair Growth Hair Oil,14043,419.00,334.00,Assured,4.2
"Mamaearth Anti Dandruff Conditioner, With Tea Tree & Ginger Oil",2668,349.00,280.00,Assured,4.2
Mamaearth Sunscreen - SPF 50 PA+++ Skin Illuminate Sunscreen with SPF 50 Gel with Vitamin C & Turmeric,4756,449.00,382.00,Assured,4.2
Mamaearth Hair Growth Oil With Rosemary & Methi Dana For Promoting Hair Growth Hair Oil,14043,419.00,334.00,Assured,4.2
"Mamaearth Coco Soft Bathing Bar for Babies, With Coconut Oil & Turmeric Pack of 2",5991,249.00,193.00,Assured,4.4
Mamaearth Beetroot Natural Pink Glow Combo | Beetroot Gentle Face Wash (100ml) And Beetroot Hydraful Moisturizer (50ml) | Combo Pack,717,608.00,488.00,Assured,4.2
Mamaearth Vitamin C Radiance Combo,4662,848.00,686.00,Assured,4.2
"Mamaearth Anti Dandruff Conditioner, With Tea Tree & Ginger Oil",2668,349.00,280.00,Assured,4.2
Mamaearth Into the Sunset Premium & Long-Lasting Fragrance | Blend of Exotic Ingredients Eau de Parfum  -  100 ml,103,899.00,712.00,Assured,4.1
Mamaearth Moisture Matte Longstay Lipstick for 12 Hour Long Stay,56747,499.00,417.00,Assured,4.1
Mamaearth Aloe Vera Moisturizing Body Wash with Aloe Vera & Calming Jasmine Scent,578,299.00,254.00,Assured,4.3
Mamaearth Vitamin C Sunscreen Body Lotion SPF 30 - 300 ml (Pack of 2),1503,798.00,378.00,Assured,4.2
Mamaearth Onion Oil for Hair Regrowth & Hair Fall Control Pack of 2 Hair Oil,29113,838.00,342.00,Assured,4.3
Mamaearth Ubtan Nourishing Cold Cream for Winter with Turmeric & Saffron (Pack of 3),352,597.00,381.00,Assured,4.3
Mamaearth Onion Hair Fall Shampoo Family Pack,1225,998.00,662.00,Assured,4.3
Mamaearth Onion Shampoo with Onion & Plant Keratin for Hair Fall Control,1656,698.00,452.00,Assured,4.2
Mamaearth Ubtan Foaming  for Tan Removal with Brush with Turmeric & Saffron Face Wash,27229,399.00,321.00,Assured,4.3
Mamaearth Moisture Matte Long Stay Lipstick Gift Set - Nude Perfection,3392,999.00,691.00,Assured,4.2
Mamaearth Moisture Matte Lipstick for 12 Hour Long Stay- Carnation Nude,56747,599.00,398.00,Assured,4.1
"Mamaearth Kerala Thaali Shampoo with Hibiscus, Shikakai, Amla, Flax Seeds",1372,349.00,225.00,Assured,4.2
Mamaearth Ubtan Natural  with Turmeric & Saffron (Pack of 2) Face Wash,657395,750.00,617.00,Assured,4.3
Mamaearth Hydra-Glow Full Coverage | Vitamin C & Turmeric | Gives 3X Instant Glow Foundation,825,799.00,687.00,Assured,4.2
Mamaearth Skin Correct Face Serum for Acne Marks & Scars with Niacinamide & Ginger Extract,56214,599.00,522.00,Assured,4.2
Mamaearth Coco Soft Body Wash For Babies With Coconut Milk & Turmeric,2617,499.00,409.00,Assured,4.4
Mamaearth Cold Cream with Honey & Malai For Nourishing Glow,7551,349.00,331.00,Assured,4.3
"Mamaearth Coco Soft Body Lotion with Coconut Milk & Turmeric, for babies, 400 ml",4678,499.00,409.00,Assured,4.3
Mamaearth Glow Serum Blush with Vitamin C & Rose Extract Long Lasting Serum Formula,7,499.00,409.00,Assured,4.9
Mamaearth Aqua Glow  With Himalayan Thermal Water and Hyaluronic Acid for Intense Hydration Face Wash,3907,399.00,321.00,Assured,4.3
Mamaearth ME Luxe Matte Long Stay Lipstick 05,135,899.00,728.00,Assured,4.3
Mamaearth Ubtan Sunscreen Body Lotion SPF 30 300 ml (Pack of 2),1323,798.00,378.00,Assured,4.2
Mamaearth Moisture Matte Lipstick for 12 Hour Long Stay,56747,599.00,449.00,Assured,4.1
Mamaearth Glow Serum Blush with Vitamin C & Cherry Red Long Lasting Serum Formula,31,499.00,406.00,Assured,4.5
Mamaearth Nourishing 100% Natural Lip Balm with Vitamin E and Shea Butter Natural,20047,149.00,134.00,Assured,4.2
Mamaearth Eau De Parfum Combo - Into the Sunset - 100 ml & Into the Waves - 100 ml,10,1798.00,1258.00,Assured,4.4
"Mamaearth Aloe Gentle  with Aloe Vera & Glycerin for Sensitive Skin, Dry to Normal Skin, Gently Cleanses | Hydrates & Soothes Skin | Fragrance & Soap - Free | Non-Irritant | Suits all Skin Types | Safe for skin Face Wash",2309,399.00,321.00,Assured,4.2
Mamaearth Ubtan  with Turmeric & Saffron for Tan Removal Face Wash,9950,777.00,553.00,Assured,4.4
Mamaearth Aloe Refresh Hydrating Light Gel Moisturizer with Aloe Vera & HA,289,499.00,359.00,Assured,4.2
Mamaearth Glow Serum Blush with Vitamin C & Peach Extract Long Lasting Serum Formula,11,499.00,448.00,Assured,4.6
Mamaearth Hibiscus Damage Repair Hair Oil with Hibiscus & Curry Leaves for Strong Hair Hair Oil,701,419.00,334.00,Assured,4.3
Mamaearth Into the Valley Premium & Long-Lasting Fragrance | Blend of Exotic Ingredients Eau de Parfum  -  100 ml,392,899.00,712.00,Assured,4.2
Mamaearth ME Luxe Matte Long Stay Lipstick 08,135,899.00,759.00,Assured,4.3
Mamaearth Chia Oil-Free Facewash with Chia Seed & Ceramides for Normal to Oily Skin | Co-Created with Dermats | Strengthens Skin's Natural Barrier | Oil Free Formula | Cleanses Deeply | Fragrance & Soap Free Face Wash,2301,269.00,229.00,Assured,4.1
Mamaearth ME Luxe Matte Long Stay Lipstick 01,135,899.00,759.00,Assured,4.3
"Mamaearth ""Tea Tree Anti Dandruff Hair Kit Tea Tree Shampoo, 250ml and Tea Tree Conditioner,",7198,698.00,510.00,Not Assured,4.1
Mamaearth Aloe Vera Gel with 100% Pure & Natural Aloe Vera & Vitamin E for Skin & Hair,38,249.00,212.00,Assured,4.3
Mamaearth Nourishing Natural Lip Cheek & Eye Tint with Vitamin C & Rose Rose Pink,1829,399.00,343.00,Assured,4.1
"Mamaearth Body Wash Combo – Ubtan, Rice & Vitamin C",3,897.00,807.00,Not Assured,3.3
Mamaearth Vitamin C Glowing Skin Combo Face Wash,3938,648.00,482.00,Assured,4.3
Mamaearth Aloe Vera Moisturizing Body Wash with Aloe Vera & Calming Jasmine Scent,578,897.00,616.00,Assured,4.3
Mamaearth Aloe Vera Moisturizing Body Wash with Aloe Vera & Calming Jasmine Scent,578,598.00,427.00,Assured,4.3
Mamaearth Into the Waves Premium & Long-Lasting Fragrance | Blend of Exotic Ingredients Eau de Parfum  -  100 ml,616,899.00,712.00,Not Assured,4.0
Mamaearth Tea Tree Face Serum With Tea Tree &amp; Salicylic Acid For Acne &amp; Pimples,5253,599.00,522.00,Assured,4.2
"Mamaearth Oil-Free  for Oily Skin, with Apple Cider Vinegar & Salicylic Acid Face Wash",20448,269.00,229.00,Not Assured,4.0
Mamaearth Nourishing Natural Lip Cheek & Eye Tint with Vitamin C & Rose Rose Pink,1829,399.00,343.00,Assured,4.1
Mamaearth Soft Matte Long Stay Lipstick Duo,3825,798.00,627.00,Assured,4.1
"Mamaearth Sunscreen - SPF 50 PA+++ Vitamin C Daily Glow Sunscreen, No White Cast with Vitamin C & Turmeric",667,998.00,802.00,Assured,4.1
Mamaearth Ubtan Body Lotion with Turmeric & Kokum Butter for Glowing Skin,9777,299.00,284.00,Not Assured,4.3
Mamaearth Chia Oil-Free Facewash with Chia Seed & Ceramides for Normal to Oily Skin | Co-Created with Dermats | Strengthens Skin's Natural Barrier | Oil Free Formula | Cleanses Deeply | Fragrance & Soap Free Face Wash,2301,269.00,229.00,Assured,4.1
Mamaearth Multani Mitti Oil Balance  with Multani Mitti & Bulgarian Rose Face Wash,491,399.00,306.00,Not Assured,4.3
Mamaearth Moisture Matt,2637,599.00,499.00,Not Assured,3.9
Mamaearth Hydra-Glow CC Serum with Vitamin C & Hyaluronic Acid Foundation,3193,649.00,570.00,Assured,4.1
Mamaearth ME Luxe Matte Long Stay Lipstick 02,135,899.00,759.00,Assured,4.3
"Mamaearth Eggplex Shampoo, for Strong Hair with Egg Protein & Collagen",3628,349.00,244.00,Assured,4.2
Mamaearth Set of 2 | Travel-Friendly Pack | Premium & Long-Lasting Fragrances Eau de Parfum  -  30 ml,79,599.00,459.00,Assured,4.2
Mamaearth Bhringamla Conditioner for Intense Hair Treatment with Bhringraj & Amla,4747,349.00,280.00,Assured,4.2
Mamaearth Anti-Pollution Daily Face Cream,19659,349.00,280.00,Assured,4.1
Mamaearth Chia Oil-Free Moisturizer with Chia Seed & Ceramides for Healthy Skin Barrier,368,379.00,315.00,Assured,4.2
Mamaearth Into the Valley - 100 ml for Women,15,1798.00,1258.00,Assured,3.6
Mamaearth Feather Light Liquid Matte Mini Lipstick-Coconut & Vitamin E | 16-Hour Long Stay,3849,249.00,189.00,Not Assured,3.9
Mamaearth Tea Tree Skin Clarifying Combo (Tea Tree Face Wash 100ml + Tea Tea Face Scrub 100g),1046,598.00,553.00,Assured,4.3
Mamaearth Illuminate Face Serum for Radiant Skin with Vitamin C & Turmeric,79978,349.00,234.00,Assured,4.1
Mamaearth Hibiscus Damage Repair Conditioner With Hibiscus & Curry Leave for Strong & Hair,775,349.00,280.00,Assured,4.1
Mamaearth Charcoal Natural  for oil control and pollution defence Face Wash,19448,518.00,448.00,Assured,4.2
Mamaearth Moisture Matte Longstay Lipstick for 12 Hour Long Stay- Punch,56738,599.00,499.00,Assured,4.1
"Mamaearth Milky Soft Baby Face Cream with Muru Muru Butter, 50g",256,199.00,179.00,Not Assured,4.2
Mamaearth Moisture Matte Longstay Lipstick with Avocado Oil & Vitamin E,56738,599.00,499.00,Not Assured,4.1
Mamaearth Aloe Gentle  with Aloe Vera & Glycerin for Sensitive Skin (Pack of 2) Face Wash,2309,798.00,567.00,Assured,4.2
Mamaearth Aloe Vera Sunscreen Body Lotion SPF 30 300ml (Pack of 2),642,798.00,378.00,Assured,4.2
Mamaearth Neem Pimple Care  with Neem & Salicylic Acid Pack of 2 Face Wash,37,698.00,628.00,Assured,4.2
Mamaearth Moisture Matte Longstay Lipstick for 12 Hour Long Stay- Pink Tulip,6762,599.00,499.00,Not Assured,3.8
Mamaearth Nourishing Natural Lip Cheek & Eye Tint with Vitamin C & Cocoa CoCo Nude,204,399.00,326.00,Not Assured,3.7
Mamaearth Hydra-Glow Illuminating Drops with Vitamin C & Hyaluronic Acid Primer  - 15 ml,50,599.00,510.00,Not Assured,4.2
"Mamaearth Body Wash Combo – Ubtan, Rice & Vitamin C",3,897.00,807.00,Not Assured,3.3
Mamaearth Aloe Vera Gel Face Moisturizer with Aloe Vera & Ashwagandha (Pack of 2),77,998.00,795.00,Not Assured,4.2
Mamaearth Nourishing Natural Lip Cheek and Eye Tint with Vitamin C & Beetroot Beet Red,0,399.00,347.00,Assured,0.0
Mamaearth Moisture Matte Longstay Lipstick for 12 Hour Long Stay- Espresso Brown,56738,599.00,510.00,Not Assured,4.1
Zqugi THE Premiers Multani Mitti  Paraben-Free | No Silicones | Sulphate-Free with Multani Mitti & Bulgarian Rose For Oil Control & Acne Mamaearth Face Wash,0,99.00,78.00,Assured,0.0
