Product Name,Offered_Prices,Actual_Prices,Ratings,Reviews,Flipkart_Assured
Mamaearth Ubtan Natural For all Skin Types with Turmeric & Saffron for Tan Face Wash,₹112,₹125,4.1,"-10,691",Assured
Mamaearth Rosemary Hair Fall Control Kit,₹515,"₹1,031",4.2,"-21,211",Assured
Mamaearth Sunscreen - SPF 50 PA++++ Daily Glow Sunscreen Vitamin C & Turmeric For Sun & Tan Protection All Skin Type,₹202,₹225,4,"-10,168",Assured
Mamaearth Daily Glow Face Cream With Vitamin C & Turmeric for Skin Illumination,₹236,₹498,4.1,"-1,88,413",Assured
Mamaearth Daily Glow Body Lotion For Skin Brightening with Vitamin C & Honey,₹249,₹499,4.3,"-40,660",Assured
Mamaearth Daily Glow Face Cream for Bright Skin With Vitamin C & Turmeric,₹212,₹249,4.1,"-1,88,413",Assured
Mamaearth Rosemary Hair Growth Oil With Rosemary & Methi Dana For Promoting Hair Growth Hair Oil,₹221,₹444,4.2,"-33,887",Assured
Mamaearth Rice Water & Niacinamide  Face Wash,₹229,₹269,4.3,"-2,10,628",Assured
Mamaearth Ubtan Moisturizing Body Lotion with Turmeric & Saffron for Glowing Skin,₹249,₹499,4.3,"-23,077",Assured
Mamaearth Ubtan Natural for All Skin type with Turmeric & Saffron for Tan removal and brightning Face Wash,₹229,₹269,4.3,"-6,57,395",Assured
Mamaearth Vitamin C  for Skin Glow & Illumination With Turmeric Face Wash,₹249,₹499,4.2,"-1,14,153",Assured
"Mamaearth Talc Free Organic Dusting Powder for Babies, Arrowroot and Oat Starch",₹169,₹199,4.2,"-20,848",Assured
Mamaearth Vitamin C Nourishing Cold Cream for Face & Body with Vitamin C & Honey,₹179,₹199,4.2,"-47,729",Assured
Mamaearth Cocoa Rich Moisturizing Body Lotion with Cocoa Butter & Vitamin E,₹249,₹499,4.4,"-16,428",Assured
Mamaearth Vitamin C Daily Glow Light Moisturizing Cream with Vitamin-C and Turmeric,₹131,₹149,4.3,"-8,560",Assured
Mamaearth Onion Redensyl For Fall Control Hair Oil,₹221,₹444,4.2,"-45,833",Assured
Mamaearth Foaming  For Kids With Aloe Vera & Coconut For Gentle Cleansing- 150 ml Face Wash,₹309,₹349,4.4,"-2,986",Assured
Mamaearth Sunscreen - SPF 20 PA+++ Mineral Based Sunscreen for Babies,₹129,₹150,4.3,"-21,699",Assured
Mamaearth Sunscreen - SPF 50 PA+++ Daily Glow with Vitamin C & Turmeric for Sun Protection,₹297,₹349,4,"-57,561",Assured
Mamaearth Creamy Matte Long Stay Lipstick with Murumuru Butter and Vitamin E,₹155,₹399,4.1,"-28,582",Assured
Mamaearth Cocoa Rich Moisturizing Body Lotion with Cocoa Butter & Vitamin E Pack Of 2,₹440,₹938,4.4,"-16,428",Assured
Mamaearth Ubtan Skin Brightening Soap,₹89,₹99,4.3,"-9,339",Assured
Mamaearth Tan Removal Combo Face Wash,₹380,₹608,4.3,"-15,687",Assured
Mamaearth Vitamin C  for Skin Glow & Illumination With Turmeric Face Wash,₹229,₹269,4.2,"-2,03,235",N/A
Mamaearth Rice Water and Niacinamide for Glass Skin  Face Wash,₹112,₹125,4.2,"-10,810",Assured
Mamaearth Bye Bye Blemishes  with Mulberry and Vitamin C for Even Skin Tone - 100 ml Gently Cleanses | Reduces Dark Spots | Brightens Skin | Reduces Pigmentation | Niacinamide Face Wash,₹251,₹265,4.1,"-7,224",Assured
"Mamaearth Milky Soft Body Lotion with Oats, Milk & Calendula - 400 ml",₹409,₹499,4.4,"-9,463",Assured
Mamaearth Ubtan Nourishing Cold Cream for Winter with Turmeric & Saffron for Glowing Moisturization,₹237,₹349,4.3,"-51,014",Assured
Mamaearth Lemon Anti-Dandruff Shampoo for Itchy & Flaky Scalp with Lemon & Ginger,₹331,₹349,4.1,"-24,213",N/A
Mamaearth Ubtan Detan Face Pack with Turmeric & Natural Saffron for Normal to Oily Skin,₹279,₹499,4.3,"-2,892",Assured
Mamaearth Ubtan Nourishing Cold Cream for Winter with Turmeric & Saffron,₹189,₹199,4.3,"-51,014",Assured
"Mamaearth Shampoo for Hair Growth & Hair Fall Control, with Onion Oil & Plant Keratin",₹338,₹559,4.2,"-1,79,238",Assured
Mamaearth Daily Glow Face Cream With Vitamin C & Turmeric for Skin Illumination,₹333,₹399,4.1,"-49,752",Assured
Mamaearth Rice Water Hydrating Body Lotion with Rice Water & Niacinamide for Glass Skin,₹440,₹938,4.3,"-29,073",Assured
Mamaearth Vitamin C Sunscreen Body Lotion SPF 30 - 300 ml (Pack of 2),₹378,₹798,4.2,"-1,504",Assured
Mamaearth Moisture Matte Longstay Mini Lipstick with Avocado Oil & Vitamin E,₹203,₹349,4.1,"-7,701",Assured
Mamaearth Vitamin C Daily Glow Face Serum & Turmeric for Radiant Skin,₹191,₹225,4.1,"-92,208",Assured
Mamaearth Rosemary Anti-HairFall Shampoo with Rosemary & Methi Dana for Reducing Hair Loss,₹249,₹310,4.2,"-50,402",Assured
Mamaearth Anti-Hair Fall Shampoo with Rosemary & Methi Dana | Reduce Hair Loss & Breakage,₹399,₹799,4.2,"-50,402",Assured
Mamaearth Rice  With Rice Water & Niacinamide for Glass Skin Face Wash,₹432,₹538,4.3,"-33,531",Assured
Mamaearth Rice  With Rice Water & Niacinamide for Glass Skin Face Wash,₹432,₹538,4.3,"-33,531",Assured
Mamaearth Vitamin C Daily Glow Face Serum & Turmeric for Radiant Skin,₹191,₹225,4.1,"-92,208",Assured
Mamaearth Anti-Hair Fall Shampoo with Rosemary & Methi Dana | Reduce Hair Loss & Breakage,₹399,₹799,4.2,"-50,402",Assured
Mamaearth Beetroot Natural Pink Glow Combo | Beetroot Gentle Face Wash (100ml) And Beetroot Hydraful Moisturizer (50ml) | Combo Pack,₹488,₹608,4.2,-717,Assured
"Mamaearth Rice Oil-Free Face Moisturizer, for Oily Skin, With Rice Water & Niacinamide",₹271,₹319,4.3,"-46,197",Assured
Mamaearth Ubtan Natural  | Anti-Tan For all Skin Types with Turmeric� & Saffron Face Wash,₹337,₹399,4.3,"-6,57,395",Assured
Mamaearth Coco Soft Face Cream With Coconut Milk & Turmeric For Babies,₹156,₹199,4.4,"-16,043",Assured
Mamaearth Rice Water Dewy Face Toner with Rice Water & 4% Niacinamide for Glass Skin Men & Women,₹353,₹429,4.4,"-4,047",Assured
Mamaearth Neem Pimple Care  with Neem & Salicylic Acid Face Wash,₹280,₹349,4.2,"-2,568",Assured
Mamaearth Multani Mitti and Bulgarian Rose Deep Cleansing Soap,₹89,₹99,4.2,"-7,049",Assured
Mamaearth Lemon Anti-Dandruff Conditioner with Lemon & Ginger for Soft & Smooth Hair,₹280,₹349,4.2,"-3,795",Assured
Mamaearth Onion Shampoo for Growth & Hair Fall Control with Onion & Plant Keratin,₹354,₹839,4.2,"-1,79,166",Assured
"Mamaearth Moisturizing Baby Bathing Soap Bar pH 5.5 with Goat Milk and Oatmeal, 75g (Pack of 2)",₹173,₹249,4.4,"-65,161",Assured
Mamaearth Tea Tree Oil-Free Moisturizer For Face For Oily Skin with Tea Tree & Salicylic Acid for Acne & Pimples,₹265,₹319,4.2,"-35,500",Assured
Mamaearth Vitamin C Nourishing Cold Cream for Face & Body with Vitamin C & Honey for Illuminating Moisturization,₹237,₹349,4.2,"-47,729",Assured
Mamaearth Ubtan Moisturizing Body Wash with Turmeric & Saffron for Tan Removal,₹212,₹299,4.3,"-2,347",Assured
Mamaearth Rosemary Water Anti-Hair Fall Spray with 100% Pure Rosemary Water & Methi Dana,₹258,₹399,4.3,"-6,186",Assured
Mamaearth India's First Organic Bamboo Based Baby Wipes,₹230,₹249,4.4,"-4,714",Assured
Mamaearth Beetroot Gentle  With Beetroot & Hyaluronic Acid For Hydrated Pink Glow Face Wash,₹229,₹269,4.3,"-38,000",Assured
Mamaearth Rosemary Essential For Growth|100% Pure & Natural For Fall Control Hair Oil,₹426,₹449,4.1,"-2,816",Assured
Mamaearth Aloe Vera Gel for Glowing Skin & Hair with Pure Vera & Vitamin E,₹280,₹319,4.4,"-55,234",Assured
"Mamaearth ""Anti Fall Spa Range with Onion Hair Oil + Shampoo + Conditioner for Control""",₹515,"₹1,031",4.1,"-1,11,841",Assured
Mamaearth Daily Glow Face Serum With Vitamin C & Turmeric for Radiant Skin,₹340,₹399,4.2,"-25,174",Assured
"Mamaearth Skin Illuminate Face Cream, for skin brightening, with Vitamin C and Turmeric",₹212,₹249,4.1,"-49,752",Assured
"Mamaearth Scrub for Glowing Skin, With Rice Water & Niacinamide for Glass Skin Scrub",₹290,₹349,4.3,"-9,582",Assured
Mamaearth Ubtan Moisturizing Lotion Soap | Removes Tan | Benefits of Lotion in a Soap,₹483,₹792,4.3,"-9,339",Assured
Mamaearth Sunscreen - SPF 50 PA++++ Rich Moisturizing Ultra Light Sunscreen,₹299,₹399,4.3,"-1,412",Assured
"Mamaearth Sunscreen - SPF 50 PA+++ Vitamin C Daily Glow Sunscreen, Tan Protection, No White Cast with Turmeric",₹415,₹499,4.2,"-17,043",Assured
Mamaearth Multani Mitti & Bulgarian Rose For Oil Control & Acne - 100 ml | Suits All Skin Types | Hydrating & Gentle | Paraben-Free | No Silicones | Sulphate-Free Face Wash,₹224,₹269,4.3,"-58,650",Assured
Mamaearth Onion Hair Fall Shampoo for Hair Growth & Hair Fall Control with added Keratin,₹108,₹114,4.2,"-1,79,166",N/A
Mamaearth Daily Glow Face Cream with Beetroot & Hyaluronic Acid | Lightweight & Non-Greasy,₹212,₹249,4.1,"-26,916",Assured
Mamaearth Bye Bye Dark Circles Eye Cream,₹340,₹399,4,"-73,942",Assured
Mamaearth Aloe Turmeric Gel For Face From 100 % Pure Aloe Vera Plant,₹280,₹349,4.2,"-22,542",Assured
Mamaearth Tea Tree Foaming �for Acne & Pimples with Tea Tree & Salicylic Acid Face Wash,₹321,₹399,4.3,"-30,376",Assured
Mamaearth Beetroot Tinted 100% Natural Lip Balm with Beetroot & Beeswax|Natural Pink Tint Beetroot,₹252,₹299,4.2,"-17,967",Assured
Mamaearth Ubtan Oil-Free Face Moisturizer with Turmeric & Saffron for Skin Brightening,₹265,₹319,4.2,"-41,208",Assured
Mamaearth Rice Dewy Bright Face Pack with Rice Water & Niacinamide For Glass Skin,₹279,₹499,4.4,-891,Assured
Mamaearth Shampoo for Hair Fall Control & Hair Growth with Onion & Plant Keratin,₹429,₹862,4.2,"-1,79,166",Assured
"Mamaearth Nourishing Bathing Bar(Pack of 5: Mango Bite, Strawberry Souffle, Apple Sorbet, Blueberry Blush & Orange Bar)",₹369,₹444,4.3,"-8,235",Assured
Mamaearth Face Pack with Multani & Bulgarian Rose| Hydrating & Glowing,₹314,₹349,4.1,"-9,687",Assured
"Mamaearth Coco Soft Body Lotion with Coconut Milk & Turmeric, for babies, 400 ml",₹409,₹499,4.3,"-4,678",Assured
Mamaearth Rice Facial Kit With Rice Water & Niacinamide For Glass Skin In 6 Easy Steps,₹336,₹399,4.2,"-14,774",Assured
Mamaearth Glowing Skin With Vitamin C and Walnut For Skin Illumination Face Scrub,₹290,₹349,4.3,"-7,457",Assured
Mamaearth Sunscreen - SPF 50 PA+++ Vitamin C Daily Glow Sunscreen with Vitamin C & Turmeric for Sun Protection,₹543,₹698,4,"-12,682",Assured
Mamaearth Ubtan  with Turmeric & Saffron for Tan Removal Face Wash,₹553,₹777,4.4,"-9,950",Assured
Mamaearth Rosemary Anti-Hair Fall Combo-,₹475,₹698,4.2,"-5,451",Assured
"Mamaearth Coco Soft Massage Oil for new born, with Coconut & Turmeric Oil",₹309,₹399,4.3,"-1,523",Assured
Mamaearth Glow Serum Foundation 30ml + Glow Oil Control Compact SPF 30 for a Flawless Base 9g,₹833,"₹1,098",4.1,"-2,877",Assured
"Mamaearth Milky Soft Shampoo with Oats, Milk and Calendula for Babies",₹409,₹444,4.4,"-8,086",Assured
Mamaearth Sunscreen - SPF 50 PA+++ Ultra Light Indian Sunscreen with Carrot Seed & Turmeric|For Broad Spectrum,₹340,₹399,4.1,"-3,261",Assured
Mamaearth Beetroot Hydraful Light Moisturizing Cream with Hyaluronic Acid for Pink Glow,₹374,₹449,4.3,"-9,420",Assured
Mamaearth Bye Bye Blemishes* Face Cream,₹401,₹471,4.1,"-40,430",Assured
Mamaearth Ubtan with Turmeric & Saffron Face Wash,₹413,₹518,4.3,"-6,57,395",Assured
Mamaearth Sunscreen - SPF 50 PA++++ Beetroot Hydraful Sunscreen With Hyaluronic Acid | Hydrates Skin | No White Cast,₹340,₹399,4.2,"-4,627",Assured
Mamaearth Rice Water & Niacinamide for Glass Skin  Face Wash,₹617,₹799,4.3,"-2,10,628",Assured
Mamaearth Honey Malai Oil-Free Face Moisturizer for Nourishing Glow,₹271,₹319,4.1,"-4,283",Assured
Mamaearth Onion Shampoo for Hair Growth and Hair Fall Control with Onion andPlant Keratin,₹621,"₹1,244",4.2,"-1,79,166",Assured
"Mamaearth Natural Breathe Easy Vapour Roll-On, 40ml Balm",₹213,₹299,4.4,-730,Assured
"Mamaearth Milky Soft Head to Toe Wash With Oats, Milk & Calendula for Babies | 2-in-1",₹409,₹499,4.5,"-6,572",Assured
Mamaearth Lemon Anti-Dandruff Shampoo with Lemon & Ginger for Itchy & Flaky Scalp,₹353,₹549,4.3,"-1,143",Assured
Mamaearth Ubtan Cleanse & Sun-Shield Combo | Ubtan Face Wash- 100 ml & Ubtan Detan Sunscreen- 50g | Removes Tan | Brightens Skin,₹553,₹658,4.2,-425,Assured
"Mamaearth Beetroot Hydraful Essence Serum for Hydrated Pink Glow, Smooth & Plumping Skin",₹226,₹299,4.2,"-6,117",Assured
Mamaearth Deeply Nourishing Body Wash for Babies,₹209,₹249,4.4,"-23,127",Assured
Mamaearth Cold Cream with Honey & Malai For Nourishing Glow,₹331,₹349,4.3,"-7,551",Assured
Mamaearth Vitamin C Moisturizing Lotion Soap with Vitamin C & Honey for Skin Illumination,₹447,₹792,4.3,"-6,785",Assured
Mamaearth Skin Correct Face Serum with Niacinamide and Ginger Extract for Acne Marks & Scars,₹280,₹349,4.2,"-56,214",Assured
Mamaearth Ubtan Sunscreen Body Lotion SPF 30 300 ml (Pack of 2),₹378,₹798,4.2,"-1,323",Assured
"Mamaearth 100 Percent Natural Berry Blast Kids Toothpaste, 50g Toothpaste",₹129,₹149,4.3,"-24,367",Assured
"Mamaearth Gentle Cleansing Baby Shampoo : New borns, babies and kids",₹170,₹249,4.4,"-75,984",Assured
Mamaearth CoCo Facewash for Skin Awakening�with Coffee & Cocoa Face Wash,₹229,₹269,4.2,"-10,870",Assured
"Mamaearth Nourishing Baby Hair Oil, with Almond & Avocado Oil Hair Oil",₹284,₹355,4.4,"-9,046",Assured
"Mamaearth Onion Hair Serum For Silky & Smooth Hair, Tames Frizzy Hair, with Onion & Biotin for Strong, Tangle Free & Frizz-Free Hair",₹254,₹299,4.1,"-50,988",Assured
Mamaearth Dusting Powder with Organic,₹248,₹349,4.3,"-10,391",Assured
Mamaearth Multani Mitti  with Bulgarian Rose For Oil Control & Acne (Pack of 2) Face Wash,₹397,₹518,4.3,"-15,107",Assured
Mamaearth Rice Dewy Bright Light Gel Moisturizer with Rice Water & Niacinamide For Glass,₹339,₹499,4.3,-762,Assured
Mamaearth Multani Mitti Moisturizing Lotion Soap with Multani Mitti & Bulgarian Rose,₹447,₹792,4.2,"-7,049",Assured
Mamaearth Vitamin C Oil-Free Moisturizer for Skin Illumination For Face with & Gotu Kola,₹271,₹319,4.3,"-30,385",Assured
"Mamaearth Milky Soft Head to Toe Wash With Oats, Milk, and Calendula for Babies",₹210,₹249,4.5,"-6,572",Assured
Mamaearth Natural Henna paste� for Rich Colored Hair with Henna & Dark Roasted Coffee,₹212,₹249,3.9,"-9,142",Assured
"Mamaearth Vitamin C Foaming  with brush, Combo Pack with Refill Face Wash",₹482,₹599,4.3,"-8,820",Assured
Mamaearth Ubtan Cleanse & Sun-Shield Combo | Ubtan Face Wash- 100 ml & Ubtan Detan Sunscreen- 50g | Removes Tan | Brightens Skin,₹553,₹658,4.2,-425,Assured
"Mamaearth Vitamin C Sleeping Mask, For Women, for Skin Illumination - 100 g",₹569,₹599,4.2,"-6,413",Assured
Mamaearth Vitamin C Daily Glow Face Pack with Vitamin C & Natural Turmeric All Skin Type,₹401,₹499,4.2,-413,Assured
"Mamaearth Milky Soft Body Lotion with Oats, Milk & Calendula - 400 ml",₹409,₹499,4.4,"-9,463",Assured
Mamaearth Ubtan Nourishing Cold Cream for Winter with Turmeric & Saffron for Glowing Moisturization,₹237,₹349,4.3,"-51,014",Assured
"Mamaearth Sunscreen - SPF 50 PA+++ Sunscreen Lotion For Indian Skin and Tan Protection, With Turmeric & Carrot Seed",₹417,₹499,4.2,"-52,404",Assured
Mamaearth Sunscreen - SPF 30 Vitamin C Sunscreen Body Lotion SPF 30 with Vitamin C & Honey for Radiant Skin,₹333,₹399,4.2,"-6,653",Assured
Mamaearth Natural Mosquito Repellent for babies(3 months+),₹219,₹299,4,"-3,841",Assured
Mamaearth Glow Pore Blurring Primer with Vitamin C & Turmeric | Enhances Skin’s Glow Primer  - 25 g,₹478,₹599,4.4,-541,Assured
Mamaearth Glow Oil Control Compact SPF 30 with Vitamin C & Turmeric for 2X Instant Glow Compact,₹374,₹444,4,"-18,557",Assured
Mamaearth Nourishing Glow Honey & Malai Face Wash,₹229,₹269,4.2,"-14,971",Assured
Mamaearth Vitamin C Moisturizing Lotion Soap with Vitamin C & Honey for Skin Illumination,₹447,₹792,4.3,"-6,785",Assured
Mamaearth Dusting Powder with Organic,₹248,₹349,4.3,"-10,391",Assured
Mamaearth Soothing Massage Oil for Babies,₹239,₹299,4.3,"-6,728",Assured
Mamaearth Beetroot Hydraful Facial Kit with Beetroot & Hyaluronic Acid |Hydrated Pink Glow,₹355,₹399,4.2,-488,Assured
"Mamaearth Rose Tinted 100% Natural Lip Balm for bright Lips, With Rose & Castor Oil For 12 Hour Moisturization Rose",₹227,₹299,4.2,"-23,448",Assured
Mamaearth Vitamin C  for Skin Glow & Illumination With Turmeric Face Wash,₹229,₹269,4.2,"-2,03,235",N/A
Mamaearth Niacin Toner For Face for Acne & Open Pores with Niacinamide & Witch Hazel Men & Women,₹379,₹399,4.3,"-3,122",Assured
Mamaearth Rice  With Rice Water & Niacinamide for Glass Skin Face Wash,₹432,₹538,4.3,"-33,531",Assured
Mamaearth Rice Dewy Bright Light Moisturizing Cream with Rice Water & Niacinamide,₹152,₹169,4.3,"-5,022",Assured
"Mamaearth Nourishing Bathing Bar(Pack of 5: Mango Bite, Strawberry Souffle, Apple Sorbet, Blueberry Blush & Orange Bar)",₹369,₹444,4.3,"-8,235",Assured
Mamaearth Rice Water Moisturizing Body Wash with Rice Water & Hydrating Lily Scent,₹254,₹299,4.4,"-1,997",Assured
Mamaearth Aloe Vera  for Youthful Glow with Aloe Vera & Ashwagandha Face Wash,₹229,₹269,4.2,"-10,606",Assured
"Mamaearth Sunscreen - SPF 30 PA+++ Milky Soft Mineral Based Sunscreen With Oats, Milk and Calendula for Babies",₹150,N/A,3.7,-806,N/A
Mamaearth Lemon Anti-Dandruff Conditioner with Lemon & Ginger for Soft & Smooth Hair,₹280,₹349,4.2,"-3,795",Assured
Mamaearth Cocoa Rich Moisturizing Cream with Cocoa Butter & Vit E for Deep Nourishment,₹134,₹149,4.2,"-1,819",Assured
"Mamaearth Rice Night Cream, for Clear Skin With Rice Water & Niacinamide for Glass Skin",₹510,₹599,4.2,"-3,097",Assured
Mamaearth Nourishing Tinted 100% Natural Lip Balm with Vitamin E and Raspberry Raspberry,₹160,₹199,4.2,"-6,650",Assured
Mamaearth Sunscreen - SPF 50 PA+++ Ultra Light Indian Sunscreen with Carrot Seed & Turmeric|For Broad Spectrum,₹340,₹399,4.1,"-3,261",Assured
Mamaearth Cocoa Rich Moisturizing Body Lotion with Cocoa Butter & Vitamin E Pack Of 2,₹440,₹938,4.4,"-16,428",Assured
Mamaearth Vitamin C Face Mask for Skin Illuminitation With Vitamin C & Kaolin Clay,₹428,₹499,4.2,"-8,484",Assured
Mamaearth Onion Hair Styling Cream for Men with Onion & Redensyl for Nourishment & Styling Hair Cream,₹264,₹299,4.1,"-3,751",Assured
Mamaearth Cherry Moisture Therapy Lip Balm for Dry & Chapped Lips Unflavored,₹254,₹299,4.3,-579,Assured
Mamaearth Rosemary Essential For Growth|100% Pure & Natural For Fall Control Hair Oil,₹426,₹449,4.1,"-2,816",Assured
Mamaearth Ubtan Scrub For Face� for Tan Removal with Turmeric & Walnut Scrub,₹331,₹349,4.3,"-17,123",Assured
Mamaearth Foaming  For Kids With Aloe Vera & Coconut For Gentle Cleansing- 150 ml Face Wash,₹309,₹349,4.4,"-2,986",Assured
Mamaearth Vitamin C Nourishing Cold Cream for Face & Body with Vitamin C & Honey,₹179,₹199,4.2,"-47,729",Assured
Mamaearth Vitamin C Face Cream for Skin Illumination with SPF 20 & Vitamin C,₹311,₹599,4.2,"-8,506",Assured
"Mamaearth Shampoo for Hair Growth & Hair Fall Control, with Onion Oil & Plant Keratin",₹338,₹559,4.2,"-1,79,166",Assured
Mamaearth Tan Removal Combo Face Wash,₹380,₹608,4.3,"-15,687",Assured
"Mamaearth Beetroot Hydraful Essence Serum for Hydrated Pink Glow, Smooth & Plumping Skin",₹226,₹299,4.2,"-6,117",Assured
Mamaearth Night Cream For Women with Vitamin C & Gotu Kola for Skin Illumination,₹522,₹599,4.2,"-9,053",Assured
Mamaearth Vitamin C Bamboo Sheet Mask(Pack of 2),₹256,₹298,4.3,"-4,665",Assured
Mamaearth Multani Mitti Oil Balance Face Pack With Bulgarian Rose For Normal to Oily Skin,₹401,₹499,4,-227,Assured
Mamaearth Tea Tree Foaming  for Acne & Pimples with Salicylic Acid Face Wash,₹299,₹599,4.3,"-40,656",Assured
Mamaearth Ubtan Moisturizing Lotion Soap | Removes Tan | Benefits of Lotion in a Soap,₹483,₹792,4.3,"-9,339",Assured
Mamaearth Glow Serum Foundation with Vitamin C & Turmeric for 12-Hour Long Stay Foundation,₹409,₹599,4.2,"-32,126",N/A
Mamaearth Bye Bye Blemishes  with Mulberry and Vitamin C for Even Skin Tone - 100 ml Gently Cleanses | Reduces Dark Spots | Brightens Skin | Reduces Pigmentation | Niacinamide Face Wash,₹251,₹265,4.1,"-7,224",Assured
"Mamaearth Milky Soft Head to Toe Wash With Oats, Milk, and Calendula for Babies",₹210,₹249,4.5,"-6,572",Assured
Mamaearth Sunscreen - SPF 50 PA+++ Daily Glow with Vitamin C & Turmeric for Sun Protection,₹297,₹349,4,"-57,561",Assured
Mamaearth Rice Water Conditioner for Damaged Dry & Frizzy Hair with Rice Water & Keratin,₹280,₹349,4.2,"-8,883",Assured
Mamaearth Face Pack with Multani & Bulgarian Rose| Hydrating & Glowing,₹314,₹349,4.1,"-9,687",Assured
Mamaearth Baby DermaSoft Face Cream with SensiCareComplex for Baby's Skin,₹266,₹329,4.3,-616,Assured
"Mamaearth Onion Hair Mask For Dry & Frizzy Hair, Controls Hairfall",₹477,₹599,4.3,"-7,778",Assured
Mamaearth Sunscreen - SPF 50 Ubtan Body Lotion with Turmeric & Saffron for Glowing Skin,₹333,₹399,4.2,"-4,514",Assured
Mamaearth Soft Matte,₹333,₹399,4.1,"-30,927",Assured
Mamaearth Long Stay Colored Kajal for 11 Hour Long Stay,₹280,₹349,4.3,-984,Assured
Mamaearth Vitamin C Daily Glow Light Gel Moisturizer with Vit C & Turmeric for Skin,₹359,₹499,4.2,-519,Assured
Mamaearth Multani Mitti  with Bulgarian Rose For Oil Control & Acne (Pack of 2) Face Wash,₹397,₹518,4.3,"-15,107",Assured
Mamaearth Moisture Matte Lipstick with Avocado Oil & Vitamin E for 12 Hour Long Stay,₹458,₹599,4.2,-63,Assured
Mamaearth Charcoal  with Activated & Coffee for Oil Control Face Wash,₹229,₹269,4.2,"-67,661",Assured
Mamaearth Vitamin C Nourishing Cold Cream for Face & Body with Vitamin C & Honey for Illuminating Moisturization,₹237,₹349,4.2,"-47,729",Assured
Mamaearth Tea Tree Oil Control Facewash with Tea Tree & Neem for Normal to Oily Skin | Upto 12 Hrs Oil Control | Cleanses Gently | Controls Acne & Pimples Face Wash,₹306,₹399,4.3,-532,Assured
Mamaearth Onion Oil Promotes Hair Growth & Controls Hairfall Hair Oil,₹334,₹372,4.1,"-2,36,192",Assured
Mamaearth Nourishing Tinted 100% Natural Lip Balm with Vitamin E and Strawberry Strawberry,₹301,₹398,4.3,"-1,046",Assured
Mamaearth Vitamin C Glow Getter Duo | Vitamin C Face Wash (100ml) & Vitamin C Daily Glow Sunscreen (80g) |Gives SPF 50 & PA++++ Protection,₹663,₹708,4.1,-188,Assured
Mamaearth BhringAmla Hair Oil with Bhringraj & Amla for Intense Hair Treatment Hair Oil,₹315,₹499,4.2,"-8,510",Assured
Mamaearth Sunscreen - SPF 50 PA+++ HydraGel Indian Sunscreen for Sun Protection With Aloe Vera & Raspberry,₹350,₹369,4.1,"-17,968",Assured
Mamaearth Multani Mitti & Bulgarian Rose For Oil Control & Acne | Suits All Skin Types | Hydrating & Gentle | Paraben-Free | No Silicones | Sulphate-Free Face Wash,₹112,₹125,4.2,"-5,364",Assured
Mamaearth Liquid Matte Sindoor with Almond Extract & Vitamin E Long-lasting - 2.8 ml Liquid,₹197,₹199,4.1,-75,Assured
Mamaearth Hair Growth Combo,₹529,₹768,4.1,"-4,260",Assured
Mamaearth Hibiscus Damage Repair Shampoo With Hibiscus & Curry Leaves for Strong & Hair,₹220,₹310,4.2,"-2,003",Assured
Mamaearth Multani Mitti and Bulgarian Rose Deep Cleansing Soap,₹89,₹99,4.2,"-7,049",Assured
"Mamaearth Kerala Thaali Hair Care Kit- Kerala Thaali Hair Oil (150 ml), Kerala Thaali Shampoo (250 ml), Kerala Thaali Conditioner (250 ml)",₹660,"₹1,117",4.2,-567,Assured
Mamaearth Bathing Bar for Babies - Pack of 4,₹409,₹498,4.4,"-65,161",Assured
Mamaearth Neem Pimple Care  with Neem & Salicylic Acid Face Wash,₹280,₹349,4.2,"-2,568",Assured
Mamaearth Multani Mitti Moisturizing Lotion Soap with Multani Mitti & Bulgarian Rose,₹447,₹792,4.2,"-7,049",Assured
Mamaearth Chia Calming Moisturizer Face Cream For Dry & Sensitive Skin | 24H Long Lasting,₹223,₹399,4.4,-158,Assured
"Mamaearth Bye Bye Blemishes Face Cream, For Pigmentation & Blemish Removal, With Mulberry Extract & Vitamin C - 30ml",₹440,₹460,4,-72,N/A
Mamaearth Daily Moisturizing Lotion for Babies,₹127,₹199,4.3,-46,N/A
Mamaearth Soft Matte Long Stay Lipstick with Jojoba Oil & Vitamin E for 12 Hour Long Stay,₹344,₹399,4,"-5,983",Assured
Mamaearth Sunscreen - SPF 50 PA++++ Aqua Glow Hydrating Sunscreen Gel with Himalayan Thermal Water & Hyaluronic Acid,₹340,₹399,4.3,"-12,698",Assured
Mamaearth Tea Tree Anti Dandruff Shampoo,₹249,₹310,4.1,"-32,084",N/A
"Mamaearth Hair Fall Control Combo(Onion Shampoo, 400ml + Onion Conditioner, 400ml)",₹817,"₹1,118",4.3,"-1,712",Assured
"Mamaearth Charcoal Black Long Stay Kohl, Kajal Black Waterproof, With Castor Oil & Chamomile For 11-Hour Smudge-free Stay with Free Sharpener",₹474,₹499,4.3,"-4,690",Assured
Mamaearth Tea Tree Foaming �for Acne & Pimples with Tea Tree & Salicylic Acid Face Wash,₹321,₹399,4.3,"-30,376",Assured
Mamaearth Baby Rich Moisturizing Cream with Almond Oil & Shea Butter For Dry Skin,₹303,₹399,4.3,"-4,223",Assured
Mamaearth Vitamin C Foaming  Face Wash,₹321,₹399,4.3,"-85,685",Assured
"Mamaearth Rice Water Shampoo With & Keratin For Damaged, Dry and Frizzy Hair",₹241,₹310,4.2,"-18,966",Assured
Mamaearth Vitamin C and Turmeric for Skin Illumination Face Wash,₹337,₹399,4.2,"-1,811",Assured
Mamaearth Nourishing Tinted 100% Natural Lip Balm with Vitamin E and Strawberry,₹142,₹150,4.2,"-13,042",Assured
"Mamaearth Kerala Thaali Cleansing Hair Mask with Hibiscus, Shikakai, Amla, Flaxseed",₹459,₹598,4.2,"-2,147",Assured
"Mamaearth Sunscreen - SPF 50 PA++++ Chia Oil-Free Sunscreen with Chia Seed & Ceramides, For tan Protection",₹321,₹399,4,-81,Assured
Mamaearth Beetroot Hydraful Light Gel Moisturizer with Beetroot & HA,₹359,₹499,4.4,-517,Assured
Mamaearth Natural Charcoal Purifying Face Pack Glowing Skin for Normal to Oily Skin,₹401,₹499,4.3,-179,Assured
Mamaearth Bye Bye Blemishes* Face Cream,₹401,₹471,4.1,"-40,425",Assured
Mamaearth Chia Hydra-Calm Face Pack with Chia Seed & Ceramides for Healthy Skin Barrier,₹401,₹499,4.4,-587,Assured
Mamaearth Onion Scalp Serum for Healthy Hair Growth� with Onion� Niacinamide,₹340,₹599,4.2,"-3,191",Assured
Mamaearth Vitamin C Daily Glow Body Lotion For Skin Brightening with Vitamin C & Honey,₹113,₹125,4.3,"-40,660",Assured
Mamaearth BhringAmla Shampoo with Bhringraj & Amla – 250 ml,₹220,₹310,4.2,"-18,457",Assured
"Mamaearth For Damaged, Dry and Frizzy Hair Oil",₹291,₹416,4.3,"-2,310",Assured
Mamaearth Curd Smoothening Shampoo with Curd & Keratin for Smooth & Shiny Hair,₹220,₹349,4.2,"-3,712",Assured
Mamaearth Charcoal Black Long Stay Kajal Kohl Pencil with Free Sharpener (Pack of 2),₹709,₹998,4.3,"-4,690",Assured
Mamaearth Tea Tree Face Scrub with Tea Tree and Neem for Skin Purification Scrub,₹290,₹349,4.3,"-2,735",Assured
"Mamaearth Natural Toothpaste, Orange Flavour Toothpaste",₹120,₹132,4.3,"-7,923",Assured
Mamaearth Oil Free Moisturizer For Face With Apple Cider Vinegar,₹94,₹99,4.2,"-76,596",Assured
Mamaearth Ubtan Body Scrub for Tan Removal with Turmeric & Saffron Scrub,₹474,₹499,4.3,"-5,664",Assured
Mamaearth Onion Healthy Hair Combo (Onion Hair Oil - 250 ml + Onion Shampoo - 600 ml + Onion Conditioner - 400 ml),"₹1,716","₹1,907",4.2,-928,Assured
"Mamaearth Coco Soft Bathing Bar for Babies, With Coconut Oil & Turmeric Pack of 2",₹193,₹249,4.4,"-5,991",Assured
"Mamaearth Kerala Thaali Hair Oil with Hibiscus, Bhringraj, Methi Dana & Amla Hair Oil",₹334,₹419,4.2,-572,Assured
Mamaearth Shampoo for Hair Fall Control & Hair Growth with Onion & Plant Keratin,₹429,₹862,4.2,"-1,79,166",Assured
Mamaearth Curd Smoothening Conditioner with Curd & Keratin for Smooth & Shiny Hair,₹280,₹349,4.2,"-2,792",Assured
Mamaearth India's First Organic Bamboo Based Baby Wipes,₹230,₹249,4.4,"-4,714",Assured
Mamaearth Moisturizing Daily Lotion For Babies/Kids,₹109,₹125,4.3,"-80,171",Assured
Mamaearth Moisture Matte Longstay Lipstick for 12 Hour Long Stay,₹417,₹499,4.1,"-56,738",Assured
Mamaearth Honey Malai Oil-Free Face Moisturizer for Nourishing Glow,₹271,₹319,4.1,"-4,283",Assured
Mamaearth Kerala Thaali Nourish & Cleanse Combo - Kerala Thaali Hair Oil (150 ml) + Kerala Thaali Shampoo (250 ml),₹493,₹768,4.2,-187,Assured
Mamaearth Nourishing Tinted 100% Raspberry,₹301,₹498,4.2,-966,Assured
Mamaearth Hair Growth Oil With Rosemary & Methi Dana For Promoting Hair Growth Hair Oil,₹334,₹419,4.2,"-14,043",Assured
"Mamaearth Anti Dandruff Conditioner, With Tea Tree & Ginger Oil",₹280,₹349,4.2,"-2,668",Assured
Prinuki Onion Anti-Dandruff Shampoo - Dandruff Reduction and Smoother Soft & Shint Hair,₹272,₹599,N/A,N/A,N/A
"The Eco Mama Natural Baby Body Wash – Soothing & Moisturizing, Ideal for Newborns & Toddlers",₹130,₹220,3.5,-4,N/A
Mamaearth Sunscreen - SPF 50 PA+++ Skin Illuminate Sunscreen with SPF 50 Gel with Vitamin C & Turmeric,₹382,₹449,4.2,"-4,756",Assured
Mamaearth Hair Growth Oil With Rosemary & Methi Dana For Promoting Hair Growth Hair Oil,₹334,₹419,4.2,"-14,043",Assured
"Mamaearth Coco Soft Bathing Bar for Babies, With Coconut Oil & Turmeric Pack of 2",₹193,₹249,4.4,"-5,991",Assured
Mamaearth Beetroot Natural Pink Glow Combo | Beetroot Gentle Face Wash (100ml) And Beetroot Hydraful Moisturizer (50ml) | Combo Pack,₹488,₹608,4.2,-717,Assured
Adivasi 100% AYURVEDI FURMULA HAIR OIL HAIR GROWTH 200ML Hair Oil (250 ml) Hair Oil,₹166,₹999,3.6,-56,N/A
"earthmaa All-in-One Magic Cream for Face and Body for Dry Skin, Sensitive Skin, Moisturizing Face and Body Lotion",₹410,₹999,N/A,N/A,N/A
Mamaearth Vitamin C Radiance Combo,₹686,₹848,4.2,"-4,662",Assured
"Mamaearth Anti Dandruff Conditioner, With Tea Tree & Ginger Oil",₹280,₹349,4.2,"-2,668",Assured
fairyuth Anti-HairFall Shampoo with Rosemary & Methi Dana for Reducing Hair Loss,₹333,₹799,N/A,N/A,N/A
PureLab+ Avocado Bliss Mosturizing Shampoo,₹299,₹994,5,-32,Assured
Mamaearth Into the Sunset Premium & Long-Lasting Fragrance | Blend of Exotic Ingredients Eau de Parfum  -  100 ml,₹712,₹899,4.1,-103,Assured
Mamaearth Moisture Matte Longstay Lipstick for 12 Hour Long Stay,₹417,₹499,4.1,"-56,747",Assured
Mamaearth Aloe Vera Moisturizing Body Wash with Aloe Vera & Calming Jasmine Scent,₹254,₹299,4.3,-578,Assured
Mamaearth Vitamin C Sunscreen Body Lotion SPF 30 - 300 ml (Pack of 2),₹378,₹798,4.2,"-1,503",Assured
Dermazia Sali-Cinamide Anti Acne  with 2% Salicylic Acid & 4% Niacinamide Face Wash,₹315,₹549,5,-4,Assured
FIDORE Anti Dandruff Shampoo Reduces Up to 100% Dandruff and Strengthens Hair,₹299,"₹1,099",4.1,-16,Assured
Mamaearth Onion Oil for Hair Regrowth & Hair Fall Control Pack of 2 Hair Oil,₹342,₹838,4.3,"-29,113",Assured
Mamaearth Ubtan Nourishing Cold Cream for Winter with Turmeric & Saffron (Pack of 3),₹381,₹597,4.3,-352,Assured
"aromamusk Aloe Vera Gel For Glowing Skin & Face, with Pure Aloe Vera & Vitamin E",₹210,₹349,4.2,-80,Assured
"ROSAFROST Anti-Dandrruff Shampoo Uptto 100% Dandruff Reduction with Salicylic Acid, Biotin",₹248,₹499,N/A,N/A,N/A
Mamaearth Onion Hair Fall Shampoo Family Pack,₹662,₹998,4.3,"-1,225",Assured
Mamaearth Onion Shampoo with Onion & Plant Keratin for Hair Fall Control,₹452,₹698,4.2,"-1,656",Assured
Mamaearth Ubtan Foaming  for Tan Removal with Brush with Turmeric & Saffron Face Wash,₹321,₹399,4.3,"-27,229",Assured
Mamaearth Moisture Matte Long Stay Lipstick Gift Set - Nude Perfection,₹691,₹999,4.2,"-3,392",Assured
"ROSAFROST Anti-Dandruff Shampoo Upto 100% Dandruff Reduction with Saliccylic Aciid, Biotin",₹248,₹499,N/A,N/A,N/A
"ROSAFROST Anti Hair Fall Shampoo | 5x Hair Fall Control & Growth with Biotiin, Adennosine",₹248,₹499,N/A,N/A,N/A
Mamaearth Moisture Matte Lipstick for 12 Hour Long Stay- Carnation Nude,₹398,₹599,4.1,"-56,747",Assured
"Mamaearth Kerala Thaali Shampoo with Hibiscus, Shikakai, Amla, Flax Seeds",₹225,₹349,4.2,"-1,372",Assured
ROSAFROST 5X Hair Fall Coontrol Shampoo Hair Growth | Paraben & Sullphate Free Shampoo,₹248,₹499,N/A,N/A,N/A
"ROSAFROST Anti Hair Falll Shampoo 5x Haiir Fall Control & Growth with Biotin, Adenosine",₹248,₹499,N/A,N/A,N/A
Mamaearth Ubtan Natural  with Turmeric & Saffron (Pack of 2) Face Wash,₹617,₹750,4.3,"-6,57,395",Assured
Mamaearth Hydra-Glow Full Coverage | Vitamin C & Turmeric | Gives 3X Instant Glow Foundation,₹687,₹799,4.2,-825,Assured
Mamaearth Skin Correct Face Serum for Acne Marks & Scars with Niacinamide & Ginger Extract,₹522,₹599,4.2,"-56,214",Assured
Mamaearth Coco Soft Body Wash For Babies With Coconut Milk & Turmeric,₹409,₹499,4.4,"-2,617",Assured
"ROSAFROST Anti-Dandruff Shampoo Upoto 100% Dandruff Reeduction with Sallicylic Acid,Biotin",₹248,₹499,N/A,N/A,N/A
"ROSAFROST Anti-Dandruff Shampoo Upto 100% Dandruff Reduction with Saalicylic Acid, Biottin",₹248,₹499,N/A,N/A,N/A
Mamaearth Cold Cream with Honey & Malai For Nourishing Glow,₹331,₹349,4.3,"-7,551",Assured
"Mamaearth Coco Soft Body Lotion with Coconut Milk & Turmeric, for babies, 400 ml",₹409,₹499,4.3,"-4,678",Assured
Prinuki Onion Anti-Dandruff Shampoo - Dandruff Reduction and Smoother Soft & Shint Hair,₹272,₹599,N/A,N/A,N/A
"The Eco Mama Natural Baby Body Wash – Soothing & Moisturizing, Ideal for Newborns & Toddlers",₹130,₹220,3.5,-4,N/A
Mamaearth Glow Serum Blush with Vitamin C & Rose Extract Long Lasting Serum Formula,₹409,₹499,4.9,-7,Assured
Mamaearth Aqua Glow  With Himalayan Thermal Water and Hyaluronic Acid for Intense Hydration Face Wash,₹321,₹399,4.3,"-3,907",Assured
Mamaearth ME Luxe Matte Long Stay Lipstick 05,₹728,₹899,4.3,-135,Assured
Mamaearth Ubtan Sunscreen Body Lotion SPF 30 300 ml (Pack of 2),₹378,₹798,4.2,"-1,323",Assured
Adivasi 100% AYURVEDI FURMULA HAIR OIL HAIR GROWTH 200ML Hair Oil (250 ml) Hair Oil,₹166,₹999,3.6,-56,N/A
"earthmaa All-in-One Magic Cream for Face and Body for Dry Skin, Sensitive Skin, Moisturizing Face and Body Lotion",₹410,₹999,N/A,N/A,N/A
Mamaearth Moisture Matte Lipstick for 12 Hour Long Stay,₹449,₹599,4.1,"-56,747",Assured
Mamaearth Glow Serum Blush with Vitamin C & Cherry Red Long Lasting Serum Formula,₹406,₹499,4.5,-31,Assured
fairyuth Anti-HairFall Shampoo with Rosemary & Methi Dana for Reducing Hair Loss,₹333,₹799,N/A,N/A,N/A
PureLab+ Avocado Bliss Mosturizing Shampoo,₹299,₹994,5,-32,Assured
Mamaearth Nourishing 100% Natural Lip Balm with Vitamin E and Shea Butter Natural,₹134,₹149,4.2,"-20,047",Assured
Mamaearth Eau De Parfum Combo - Into the Sunset - 100 ml & Into the Waves - 100 ml,"₹1,258","₹1,798",4.4,-10,Assured
"Mamaearth Aloe Gentle  with Aloe Vera & Glycerin for Sensitive Skin, Dry to Normal Skin, Gently Cleanses | Hydrates & Soothes Skin | Fragrance & Soap - Free | Non-Irritant | Suits all Skin Types | Safe for skin Face Wash",₹321,₹399,4.2,"-2,309",Assured
Mamaearth Ubtan  with Turmeric & Saffron for Tan Removal Face Wash,₹553,₹777,4.4,"-9,950",Assured
Dermazia Sali-Cinamide Anti Acne  with 2% Salicylic Acid & 4% Niacinamide Face Wash,₹315,₹549,5,-4,Assured
FIDORE Anti Dandruff Shampoo Reduces Up to 100% Dandruff and Strengthens Hair,₹299,"₹1,099",4.1,-16,Assured
Mamaearth Aloe Refresh Hydrating Light Gel Moisturizer with Aloe Vera & HA,₹359,₹499,4.2,-289,Assured
Mamaearth Glow Serum Blush with Vitamin C & Peach Extract Long Lasting Serum Formula,₹448,₹499,4.6,-11,Assured
"aromamusk Aloe Vera Gel For Glowing Skin & Face, with Pure Aloe Vera & Vitamin E",₹210,₹349,4.2,-80,Assured
"ROSAFROST Anti-Dandruff Shampoo Upto 100% Dandruff Reduction with Saliccylic Aciid, Biotin",₹248,₹499,N/A,N/A,N/A
Mamaearth Hibiscus Damage Repair Hair Oil with Hibiscus & Curry Leaves for Strong Hair Hair Oil,₹334,₹419,4.3,-701,Assured
Mamaearth Into the Valley Premium & Long-Lasting Fragrance | Blend of Exotic Ingredients Eau de Parfum  -  100 ml,₹712,₹899,4.2,-392,Assured
Mamaearth ME Luxe Matte Long Stay Lipstick 08,₹759,₹899,4.3,-135,Assured
Mamaearth Chia Oil-Free Facewash with Chia Seed & Ceramides for Normal to Oily Skin | Co-Created with Dermats | Strengthens Skin's Natural Barrier | Oil Free Formula | Cleanses Deeply | Fragrance & Soap Free Face Wash,₹229,₹269,4.1,"-2,301",Assured
"ROSAFROST Anti-Dandrruff Shampoo Uptto 100% Dandruff Reduction with Salicylic Acid, Biotin",₹248,₹499,N/A,N/A,N/A
"ROSAFROST Anti Hair Fall Shampoo | 5x Hair Fall Control & Growth with Biotiin, Adennosine",₹248,₹499,N/A,N/A,N/A
Mamaearth ME Luxe Matte Long Stay Lipstick 01,₹759,₹899,4.3,-135,Assured
"Mamaearth ""Tea Tree Anti Dandruff Hair Kit Tea Tree Shampoo, 250ml and Tea Tree Conditioner,",₹510,₹698,4.1,"-7,198",N/A
ROSAFROST 5X Hair Fall Coontrol Shampoo Hair Growth | Paraben & Sullphate Free Shampoo,₹248,₹499,N/A,N/A,N/A
"ROSAFROST Anti Hair Falll Shampoo 5x Haiir Fall Control & Growth with Biotin, Adenosine",₹248,₹499,N/A,N/A,N/A
Mamaearth Aloe Vera Gel with 100% Pure & Natural Aloe Vera & Vitamin E for Skin & Hair,₹212,₹249,4.3,-38,Assured
Mamaearth Nourishing Natural Lip Cheek & Eye Tint with Vitamin C & Rose Rose Pink,₹343,₹399,4.1,"-1,829",Assured
"Mamaearth Body Wash Combo – Ubtan, Rice & Vitamin C",₹807,₹897,3.3,-3,N/A
Mamaearth Vitamin C Glowing Skin Combo Face Wash,₹482,₹648,4.3,"-3,938",Assured
"ROSAFROST Anti-Dandruff Shampoo Upto 100% Dandruff Reduction with Saalicylic Acid, Biottin",₹248,₹499,N/A,N/A,N/A
ROSAFROST 5X Hair Fall Control Shampoo Hair Growth | Paraben & SulphShampoooatte Frree,₹248,₹499,N/A,N/A,N/A
Mamaearth Aloe Vera Moisturizing Body Wash with Aloe Vera & Calming Jasmine Scent,₹616,₹897,4.3,-578,Assured
Mamaearth Aloe Vera Moisturizing Body Wash with Aloe Vera & Calming Jasmine Scent,₹427,₹598,4.3,-578,Assured
Prinuki Onion Anti-Dandruff Shampoo - Dandruff Reduction and Smoother Soft & Shint Hair,₹272,₹599,N/A,N/A,N/A
"The Eco Mama Natural Baby Body Wash – Soothing & Moisturizing, Ideal for Newborns & Toddlers",₹130,₹220,3.5,-4,N/A
lavearth Dried Anjeer (Figs) | Soft & Juicy | Rich in Fiber & Iron | Natural Figs,₹644,"₹3,299",2.8,-6,N/A
Naveenya Kaya Naveenya CMD (Concentrated Minerals Drop),₹480,₹799,N/A,N/A,Assured
NutraEats Nutrition Immunity Multivitamins With Probiotics For Men & Women,₹257,₹599,N/A,N/A,N/A
Naveenya Kaya New-Naveenya CMD (Concentrated Minerals Drop)-NKH,₹480,₹799,N/A,N/A,Assured
The Eco Mama babysoap2,₹231,₹298,4.5,-13,Assured
Adivasi 100% AYURVEDI FURMULA HAIR OIL HAIR GROWTH 200ML Hair Oil (250 ml) Hair Oil,₹166,₹999,3.6,-56,N/A
EARTHFUL PCOS Balance Capsules,₹554,₹622,4.3,-11,Assured
SOHAM SIDDHATATVAM Diabic Care Juice 1000ml – 11-Herb Blend to Help Manage Sugar Levels,₹383,₹459,N/A,N/A,N/A
"earthmaa All-in-One Magic Cream for Face and Body for Dry Skin, Sensitive Skin, Moisturizing Face and Body Lotion",₹410,₹999,N/A,N/A,N/A
fairyuth Anti-HairFall Shampoo with Rosemary & Methi Dana for Reducing Hair Loss,₹333,₹799,N/A,N/A,N/A
"UJWALA AYURVEDASHRAM Mamicon Syrup For Milk Secretion In Mother, Reduce Breast engorgement, Ayurvedic",₹699,₹840,3.8,"-2,380",N/A
"Uniearth 100% Pure Rosemary & Mandarian Essential Oils Combo, for Skin and Hair Care",₹344,₹999,N/A,N/A,N/A
Naveenya Kaya Naveenya CMD (Concentrated Minerals Drop),"₹1,224","₹1,599",N/A,N/A,Assured
"Dabur Honitus Madhuvani 150g For Common Cold, Cough",₹178,₹260,4.5,-4,N/A
PureLab+ Avocado Bliss Mosturizing Shampoo,₹299,₹994,5,-32,Assured
Dermazia Sali-Cinamide Anti Acne  with 2% Salicylic Acid & 4% Niacinamide Face Wash,₹315,₹549,5,-4,Assured
NutraEats Immunity Multivitamins With Probiotics For Men & Women,₹255,₹599,N/A,N/A,N/A
EARTH KING Ginkgo Biloba with Bramhi Extract for Memory & Focus -500mg 60 Capsules,₹372,"₹1,099",4.5,-11,Assured
FIDORE Anti Dandruff Shampoo Reduces Up to 100% Dandruff and Strengthens Hair,₹299,"₹1,099",4.1,-16,Assured
"aromamusk Aloe Vera Gel For Glowing Skin & Face, with Pure Aloe Vera & Vitamin E",₹210,₹349,4.2,-80,Assured
OZiva Vegan Collagen (Guava Glow) with Biotin & Vit C for Brighter & Youthful Skin,₹869,₹929,4.1,"-15,340",Assured
"EarthHeal Biotin With rich Sesbania Extract for Hair Growth,Strength & Skin,10000mcg,60Tab","₹1,199",N/A,4,-3,N/A
NutraEats Immunity Multivitamins With Probiotics For Men & Women Ultra,₹255,₹599,N/A,N/A,N/A
"Simply earth Multivitamin For Men & Women (120 Tablets) Probiotics Vitamin C, Zinc & Biotin",₹290,₹599,4.3,-699,N/A
"ROSAFROST Anti Hair Fall Shamppoo | 5x Hairr Fall Control & Growth with Biotin, Adenoosine",₹248,₹499,N/A,N/A,N/A
ROSAFROST 5X Hair Fall Coontrol Shampoo Hair Growth | Paraben & Sullphate Free Shampoo,₹248,₹499,N/A,N/A,N/A
Naveenya Kaya Concentrated Minerals Drop (CMD),₹288,₹399,4,-5,Assured
OZiva Vegan Collagen (Guava Glow) with Biotin & Vit C for Brighter & Youthful Skin,"₹2,117","₹2,787",4.1,"-15,340",Assured
"ROSAFROST Anti-Dandrruff Shampoo Uptto 100% Dandruff Reduction with Salicylic Acid, Biotin",₹248,₹499,N/A,N/A,N/A
"ROSAFROST Anti Hair Fall Shampoo | 5x Hair Fall Control & Growth with Biotiin, Adennosine",₹248,₹499,N/A,N/A,N/A
Naveenya Kaya NCMD (Noni Concentrated Minerals Drop),₹661,₹845,N/A,N/A,Assured
"MAAIEE Organic Oat,Ragi Mung Beetroot,Sathu Maavu Cereal for Baby|No Milk,Sugar No Salt Cereal",₹650,N/A,N/A,N/A,N/A
OZiva Vegan Collagen (Watermelon) with Biotin & Vit C for Brighter & Youthful Skin,₹869,₹929,4.2,"-2,562",Assured
Naveenya Kaya Herbal Madhumeha Capsules,₹655,₹845,N/A,N/A,Assured
ROSAFROST 5X Hair Fall Control Shampoo Hair Growth | Paraben & SulphShampoooatte Frree,₹248,₹499,N/A,N/A,N/A
"ROSAFROST Anti-Dandruff Shampoo Upoto 100% Dandruff Reeduction with Sallicylic Acid,Biotin",₹248,₹499,N/A,N/A,N/A
Deeparth Multani Mitti with Rose Water + Brush Pack | Herbal Skin Care for Women,₹145,₹299,N/A,N/A,Assured
The Eco Mama Baby Massage Oil Pack of 2,₹428,₹899,4.4,-11,Assured
myupchar ayurveda Manamrit Sleep Supplement | Ashwagandha & Brahmi | Reduces Stress & Calms Mind,"₹2,205","₹2,997",4.6,-5,Assured
OZiva Sugar Support | Daily Blood Sugar Support for Diabetes & Sugar Control,"₹1,519","₹2,138",4.4,-104,Assured
"Nutrazee Probiotic Gummies with Prebiotic Fiber Supplement For Kids, Men & Women",₹522,₹799,4.5,-41,Assured
Deeparth Pure Herbal Multani Mitti + Rose Water + Brush Combo Pack for Glowing Skin,₹145,₹299,N/A,N/A,Assured
Ayuearth Ashwagandha Roots Extract Capsule 500 mg | 60Cap,₹420,₹999,N/A,N/A,N/A
ORGANIC INDIA Chyawanprash,₹434,₹545,4.2,-58,N/A
Optimum Nutrition Zinc Magnesium Aspartate (ZMA),₹665,₹949,4.4,-320,Assured
The Eco Mama Baby Body Lotion,₹195,₹325,4.4,-81,Assured
Naveenya Kaya New-Multi Berry Capsule-NKH,₹506,₹749,N/A,N/A,N/A
Action Pharma DANT MANJAN 80GM (PACK OF 4),₹326,₹500,4.4,-23,Assured
Baidyanath Madhumehari Granules - 200 gms,₹256,₹346,4.2,"-1,575",Assured
Suvana Ashwagandha Powder 250g,N/A,N/A,N/A,N/A,N/A
NutraEats Nutrition Probiotic Supplement (Pack Of 2) Premium,₹470,₹999,N/A,N/A,N/A
OZiva Sugar Support | Daily Blood Sugar Support for Diabetes & Sugar Control,₹999,"₹1,069",4.4,-104,Assured
OZiva Vegan Collagen (Berry Orange) with Biotin & Vit C for Brighter & Youthful Skin,"₹1,901","₹2,787",4.1,"-6,649",Assured
Action Pharma ACTION DANT MANJAN 30 GMS (PACK OF 4),₹138,₹220,4,-128,N/A
Naveenya Kaya Multi Berry Capsule,₹644,₹749,N/A,N/A,Assured
Vedaartha Organic Amla Powder | Ayurvedic Support for Skin Glow & Hair Growth (2X100g),₹171,₹299,N/A,N/A,Assured
Vedaartha Swet Musli Powder | Natural Ayurvedic Support for Vitality & Energy Booster,₹94,₹199,N/A,N/A,Assured
"MAMANSH Baby Skincare Combo Bundle of Baby Massage Oil, Baby Wash and Baby Lotion",₹915,"₹1,485",4.4,-723,Assured
NutraEats Nutrition Multivitamins True Vitamins with Minerals for Men and Women,₹253,₹599,N/A,N/A,N/A
"Vaamveda ZMA Tablets Supplement for Post Workout Muscle Recovery,Strength Gains,Endurance",₹295,₹999,5,-27,Assured
"HEALTHKART HK Vitals Multivitamin with Probiotics, Immunity and Gut Health",₹375,₹419,4.3,"-27,523",Assured
"MUSCLEBLAZE ZMA ( Zinc, Magnesium Aspartate, Vitamin B6) for Muscle Recovery & Strength",₹649,₹759,4.4,"-1,235",Assured
MB MUSCLE BUILDER'S ZMA For Muscle Strength |Support Muscles Recovery| Strengthen Immunity,₹457,₹820,N/A,N/A,Assured
Anukarma Ashwagandha Extract Support Strength & Energy,₹851,"₹2,999",N/A,N/A,N/A
Zenith Nutrition Probiotic Immune,₹377,₹535,4,-138,Assured
MYHERB 100% Pure Natural Organic Ashwagandha Powder,N/A,N/A,4.6,-9,N/A
VIP ALDAT SoothingEarth Multani Mitti Pack for Daily Skin Detox and Cooling,₹176,"₹1,199",N/A,N/A,N/A
OZiva Collagen Builder Anti-Ageing Skin Radiance with Vitamin C Guava Glow Glutathione,"₹1,234","₹1,628",4.2,-128,Assured
"Divya Himalayan Madhu Amrit Sugar Care With Chandraprabha Vati, Haldi, Neem, Giloy & Jamun Seeds",₹386,₹799,4.5,-164,Assured
Deeparth Multani Mitti Powder 100g | 100% Natural Face Pack for Healthy Clear Skin Glow,₹88,₹199,N/A,N/A,Assured
Vlado's Himalayan Organics Plant Based Vitamin C,₹630,"₹1,047",4.2,-237,Assured
Mamma Love 99% Pure Water Baby Wet Wipes with Lid | Pack of 11 | 72 pcs/pack |,"₹2,188","₹2,189",N/A,N/A,N/A
"BabyOrgano Swarnaprashan - Immunity, Concentration And Memory Booster For Kids",₹560,₹799,4.4,"-2,376",Assured
Earth N Pure Babchi Oil,₹323,₹415,3.5,-13,N/A
Vedaartha Neem Karela Jamun Powder – Herbal Supplement for Blood Sugar & Wellness (3x100g),₹180,₹499,N/A,N/A,Assured
AYUR SESHA Madhu Moksha Ras - Natural Diabetes Solution,"₹1,515","₹2,199",N/A,N/A,N/A
"HEALTHKART HK Vitals Multivitamin with Probiotics, Supports Immunity and Gut health",₹369,₹499,4.3,"-27,523",Assured
Baidyanath Madhumehari Granules - 100 Gm,₹175,₹187,4.1,"-1,612",Assured
Prinuki Onion Anti-Dandruff Shampoo - Dandruff Reduction and Smoother Soft & Shint Hair,₹272,₹599,N/A,N/A,N/A
"The Eco Mama Natural Baby Body Wash – Soothing & Moisturizing, Ideal for Newborns & Toddlers",₹130,₹220,3.5,-4,N/A
Deeparth Multani Mitti Powder 100g | Natural Herbal Face Pack for Radiant Oil-Free Skin,₹88,₹199,N/A,N/A,Assured
"The Nile Red Onion Oil with Redensyl + Hair Revitalizer, Hair Regrowth & Hair Fall Control Hair Oil 100 ML + Red Onion Oil with Redensyl + Hair Revitalizer, Hair Regrowth & Hair Fall Control Hair Oil 200 ML + 100% Pure Castor Hair Oil, Cold Pressed, To Support Hair Growth 100 ML Hair Oil",₹376,"₹2,350",N/A,N/A,N/A
"Deeparth 100g Multani Mitti Powder | Natural Face Pack for Glowing, Oil-Free & Clear Skin",₹88,₹199,N/A,N/A,Assured
"Ganesha No-1 100% Natural Mamra Almond 100 g, High Protein Dry Fruits Almonds",₹444,"₹1,999",N/A,N/A,N/A
Adivasi 100% AYURVEDI FURMULA HAIR OIL HAIR GROWTH 200ML Hair Oil (250 ml) Hair Oil,₹166,₹999,3.6,-56,N/A
"earthmaa All-in-One Magic Cream for Face and Body for Dry Skin, Sensitive Skin, Moisturizing Face and Body Lotion",₹410,₹999,N/A,N/A,N/A
Neuherbs Multivitamin | True Vitamin For Men & Women With Antioxidant Blend,₹539,₹799,4.2,"-4,203",Assured
"MAHARISHI ayurveda Chyavanprash 5X Immunity, Strength & Stamina Chyawanprash With Pure Vanshlochan",₹470,₹510,4.1,-90,N/A
fairyuth Anti-HairFall Shampoo with Rosemary & Methi Dana for Reducing Hair Loss,₹333,₹799,N/A,N/A,N/A
PureLab+ Avocado Bliss Mosturizing Shampoo,₹299,₹994,5,-32,Assured
Dabur Amla Juice,₹205,₹242,4.3,"-2,341",Assured
Mamma Love 99% Pure Water Baby Wet Wipes with Lid | Pack of 2 | 72 pcs/pack |,₹234,₹796,4.3,-109,Assured
Srishma Gudmar Powder for Support Healthy Blood Sugar Levels,₹172,₹349,4.4,-36,Assured
"YUJWELL Certified Organic Ashwagandha Powder| Stress Relief, Energy, Strength & Wellness",₹182,₹399,4.9,-11,Assured
Dermazia Sali-Cinamide Anti Acne  with 2% Salicylic Acid & 4% Niacinamide Face Wash,₹315,₹549,5,-4,Assured
FIDORE Anti Dandruff Shampoo Reduces Up to 100% Dandruff and Strengthens Hair,₹299,"₹1,099",4.1,-16,Assured
COROnation Herbal Red Onion & Black Seed Hair Conditioner| Nourishes hair,₹262,₹499,N/A,N/A,N/A
"Adhyaveda organic Adhyaveda Multivitamin + Probiotics | Energy, Gut & Stress Support | Pack of 2",₹672,"₹1,498",N/A,N/A,N/A
"aromamusk Aloe Vera Gel For Glowing Skin & Face, with Pure Aloe Vera & Vitamin E",₹210,₹349,4.2,-80,Assured
"ROSAFROST Anti Hair Falll Shampoo 5x Haiir Fall Control & Growth with Biotin, Adenosine",₹248,₹499,N/A,N/A,N/A
"Bageshwar Ayurveda Madhushodhak Amrit Powder | Helps Control Blood Sugar Level | Diabetes, Diabetic",₹231,"₹1,099",3.7,-3,N/A
Vedaartha Organic Amla Powder | Ayurvedic Support for Skin Glow & Hair Growth (2X100g),₹171,₹299,N/A,N/A,Assured
"Divya Himalayan Madhu Amrit Sugar Care With Chandraprabha Vati, Haldi, Neem, Giloy & Jamun Seeds",₹386,₹799,4.5,-164,Assured
BEST CHOICE NUTRITION Vitamin E capsule for Face Pimple Glowing Skin & hair care,₹139,₹599,4.1,"-37,611",Assured
"ROSAFROST Anti Hair Fall Shampoo | 5x Hair Fall Control & Growth with Biotiin, Adennosine",₹248,₹499,N/A,N/A,N/A
"ROSAFROST Anti-Dandrruff Shampoo Uptto 100% Dandruff Reduction with Salicylic Acid, Biotin",₹248,₹499,N/A,N/A,N/A
"HERBSHD Memo Forte Syrup 200ml For Healthy Memory, Brain Improvement (Pack Of 3)",₹448,₹495,2.7,-3,Assured
Chevar Rosemary Hair Growth Kit (Hair oil + Shampoo + Conditioner),N/A,N/A,3.7,-159,N/A
"ROSAFROST Anti-Dandruff Shampoo Upto 100% Dandruff Reduction with Saliccylic Aciid, Biotin",₹248,₹499,N/A,N/A,N/A
ROSAFROST 5X Hair Fall Control Shampoo Hair Growth | Paraben & SulphShampoooatte Frree,₹248,₹499,N/A,N/A,N/A
"Uniearth 100% Pure Lavender & Turmeric Essential Oils Combo, for Skin and Hair Care",₹350,₹999,N/A,N/A,N/A
Deeparth Ocean for Men  100ml Healthy Glow Formula Face Wash,₹140,₹699,N/A,N/A,Assured
"Purna Gummies Vitamin C Lemon & Zinc for Adults & Kids, Immunity Boost, Skincare, Veg Gummy",₹134,₹499,4.2,"-11,883",Assured
BEST CHOICE NUTRITION Vitamin E capsule for Face Pimple Glowing Skin & hair care,₹226,₹899,4.1,"-37,611",Assured
ROSAFROST 5X Hair Fall Coontrol Shampoo Hair Growth | Paraben & Sullphate Free Shampoo,₹248,₹499,N/A,N/A,N/A
"ROSAFROST Anti-Dandruff Shampoo Upto 100% Dandruff Reduction with Saalicylic Acid, Biottin",₹248,₹499,N/A,N/A,N/A
Deeparth 100% Natural Multani Mitti Powder 100g | Face Pack for Healthy Glowing Skin,₹88,₹199,N/A,N/A,Assured
Vedaartha Pure Ashwagandha Powder | Natural Stress Relief & Energy Booster,₹113,₹299,N/A,N/A,Assured
Prinuki Onion Anti-Dandruff Shampoo - Dandruff Reduction and Smoother Soft & Shint Hair,₹272,₹599,N/A,N/A,N/A
"The Eco Mama Natural Baby Body Wash – Soothing & Moisturizing, Ideal for Newborns & Toddlers",₹130,₹220,3.5,-4,N/A
NutraEats Pro Maca Root for men and women,₹253,₹599,3.9,-9,N/A
Anukarma Plant Based Organic Immunity Booster (120 Capsules),₹436,"₹1,999",N/A,N/A,N/A
Deeparth Ocean for Men  100ml Bright Skin Care Face Wash,₹140,₹699,N/A,N/A,Assured
Deeparth Ocean for Men  100ml Hydrating Skin Wash Face Wash,₹140,₹699,N/A,N/A,Assured
Adivasi 100% AYURVEDI FURMULA HAIR OIL HAIR GROWTH 200ML Hair Oil (250 ml) Hair Oil,₹166,₹999,3.6,-56,N/A
"earthmaa All-in-One Magic Cream for Face and Body for Dry Skin, Sensitive Skin, Moisturizing Face and Body Lotion",₹410,₹999,N/A,N/A,N/A
NaturEarth Amla Pickle & Ginger Pickle (400G) Maa Ke Hath Ka Mother Made Homemade Amla Pickle,₹239,₹699,N/A,N/A,N/A
Deeparth Ocean for Men Ocean  Men Grooming Product Face Wash,₹140,₹699,N/A,N/A,N/A
fairyuth Anti-HairFall Shampoo with Rosemary & Methi Dana for Reducing Hair Loss,₹333,₹799,N/A,N/A,N/A
PureLab+ Avocado Bliss Mosturizing Shampoo,₹299,₹994,5,-32,Assured
Kathiyawad Onion Oil for Hair Regrowth Hair Oil (150 ml) Hair Oil,₹157,₹299,3.8,"-1,833",N/A
Baidyanath Madhumehari Granules Enriched Pack of 4,₹680,₹800,4,-62,N/A
Naveenya Kaya Ashwagandha Syrup Combo 3 Pcs,₹725,₹897,N/A,N/A,Assured
Deeparth Ocean for Men  100ml Each Clear Glow Face Care Face Wash,₹248,"₹1,299",N/A,N/A,N/A
Dermazia Sali-Cinamide Anti Acne  with 2% Salicylic Acid & 4% Niacinamide Face Wash,₹315,₹549,5,-4,Assured
FIDORE Anti Dandruff Shampoo Reduces Up to 100% Dandruff and Strengthens Hair,₹299,"₹1,099",4.1,-16,Assured
Uma Ayurveda Shothari Loh Tablets Useful in Bone Care Deficiencies Swelling Anemia 40 Tab,₹204,₹300,N/A,N/A,Assured
"Nutrafab Hair, Skin & Nail Gummies – 30 Sugar-Free Gummies with Biotin Zinc & Iron.",₹403,₹599,4.9,-160,Assured
"aromamusk Aloe Vera Gel For Glowing Skin & Face, with Pure Aloe Vera & Vitamin E",₹210,₹349,4.2,-80,Assured
"ROSAFROST Anti-Dandruff Shampoo Upto 100% Dandruff Reduction with Saliccylic Aciid, Biotin",₹248,₹499,N/A,N/A,N/A
Vedaartha Pure Ashwagandha Powder | Natural Stress Relief & Energy Booster,₹130,₹349,N/A,N/A,Assured
"Bliss of Earth Ashwagandha, Kaunch Beej, Shatawari Roots, Safed Musli Powder Certified Organic","₹1,144","₹1,880",4.3,-9,Assured
"PRH Organic Beetroot Powder For Face, Skin & Hair And Lips- 100 Gram",₹106,₹239,N/A,N/A,N/A
Deeparth Ocean for Men Ocean  Men Clean Care Face Wash,₹140,₹699,N/A,N/A,N/A
ROSAFROST 5X Hair Fall Control Shampoo Hair Growth | Paraben & SulphShampoooatte Frree,₹248,₹499,N/A,N/A,N/A
"ROSAFROST Anti Hair Fall Shampoo | 5x Hair Fall Control & Growth with Biotiin, Adennosine",₹248,₹499,N/A,N/A,N/A
7Herbmaya Ashwagandha Organic Powder - Natural Stress Relief,₹279,₹399,N/A,N/A,N/A
"Dabur Ashwagandha Tablet-Immunomodulator, Antioxidant",₹172,₹240,N/A,N/A,N/A
"ROSAFROST Anti-Dandruff Shampoo Upoto 100% Dandruff Reeduction with Sallicylic Acid,Biotin",₹248,₹499,N/A,N/A,N/A
ROSAFROST 5X Hair Fall Coontrol Shampoo Hair Growth | Paraben & Sullphate Free Shampoo,₹248,₹499,N/A,N/A,N/A
NutraEats Pre and Probiotic Supplement 30 Billion CFU 150 mg Ultra,₹255,₹599,N/A,N/A,N/A
Vedaartha Organic Ashwagandha Root Powder | Strength & Immunity Support,₹121,₹299,N/A,N/A,Assured
KARWANSH Premium Mamra Almonds | Mamra Giri | Mamro Almonds | Mamra Badam - Almonds Almonds,₹764,"₹1,149",3.9,-245,N/A
AE Naturals Pure Organic Ashwagandha Powder 250g,₹414,₹500,4,-49,Assured
"ROSAFROST Anti-Dandrruff Shampoo Uptto 100% Dandruff Reduction with Salicylic Acid, Biotin",₹248,₹499,N/A,N/A,N/A
"ROSAFROST Anti Hair Fall Shamppoo | 5x Hairr Fall Control & Growth with Biotin, Adenoosine",₹248,₹499,N/A,N/A,N/A
Deeparth Ocean for Men  100ml Gentle Men Cleanser Face Wash,₹140,₹699,N/A,N/A,Assured
Uma Ayurveda Ayurvedic Tulsi Drop 30ml For Immunity Booster for Cold Cough Fever & UTR Health,₹163,₹180,N/A,N/A,Assured
Prinuki Onion Anti-Dandruff Shampoo - Dandruff Reduction and Smoother Soft & Shint Hair,₹272,₹599,N/A,N/A,N/A
"The Eco Mama Natural Baby Body Wash – Soothing & Moisturizing, Ideal for Newborns & Toddlers",₹130,₹220,3.5,-4,N/A
Deeparth Derma Roller Hair Growth Enhancer,₹136,₹499,N/A,N/A,N/A
Earth N Pure Babchi Oil 30ML,₹332,₹509,3.5,-13,N/A
OZiva Pro-Collagen Protein Peptides with Clean Protein for Skin & Hair Health,₹647,₹799,4.1,"-2,095",Assured
OZiva Vegan Collagen (Berry Orange) with Biotin & Vit C for Brighter & Youthful Skin,₹869,₹929,4.1,-83,Assured
Adivasi 100% AYURVEDI FURMULA HAIR OIL HAIR GROWTH 200ML Hair Oil (250 ml) Hair Oil,₹166,₹999,3.6,-56,N/A
"earthmaa All-in-One Magic Cream for Face and Body for Dry Skin, Sensitive Skin, Moisturizing Face and Body Lotion",₹410,₹999,N/A,N/A,N/A
"Moovalley Punarnava Powder, Pure & Natural",₹295,₹899,4.6,-7,Assured
"HEALTHKART HK Vitals Skin Radiance Collagen Supplement with Biotin, Orange",₹399,₹509,4.2,"-61,523",Assured
fairyuth Anti-HairFall Shampoo with Rosemary & Methi Dana for Reducing Hair Loss,₹333,₹799,N/A,N/A,N/A
PureLab+ Avocado Bliss Mosturizing Shampoo,₹299,₹994,5,-32,Assured
Deeparth Ocean for Men Ocean  Clean Face Care Face Wash,₹140,₹699,N/A,N/A,N/A
NaturEarth Mango Pickle & Suran Pickle Combo ( 400+200 Gm) Maa Ke Hath Ka Achar Mango Pickle,₹210,₹999,3.7,-9,N/A
"swara ayurvedic Dant Manjan | 100% Herbal Tooth Powder for Stronger, Whiter & Healthier Teeth",₹292,₹599,5,-3,N/A
CureForever Prebiotics & Probiotics-101 Billion CFU for Gut Health & Digestion,₹595,"₹1,550",N/A,N/A,Assured
Dermazia Sali-Cinamide Anti Acne  with 2% Salicylic Acid & 4% Niacinamide Face Wash,₹315,₹549,5,-4,Assured
FIDORE Anti Dandruff Shampoo Reduces Up to 100% Dandruff and Strengthens Hair,₹299,"₹1,099",4.1,-16,Assured
NutraEats Multivitamins True Vitamins with Minerals for Men and Women Ultra,₹253,₹599,N/A,N/A,N/A
NutriJa High Absorption Chelated Magnesium Glycinate 550mg,₹404,₹499,4.3,-48,Assured
"aromamusk Aloe Vera Gel For Glowing Skin & Face, with Pure Aloe Vera & Vitamin E",₹210,₹349,4.2,-80,Assured
ROSAFROST 5X Hair Fall Control Shampoo Hair Growth | Paraben & SulphShampoooatte Frree,₹248,₹499,N/A,N/A,N/A
VIKJIT HERBALS MADHUMEH ANTIC POWDER,₹430,"₹1,342",N/A,N/A,Assured
Deeparth Multani Mitti Face Pack Powder 100g | Herbal Skin Brightening & Oil Absorbing,₹88,₹199,N/A,N/A,Assured
"ZEROHARM Multivitamin Probiotics 25 Vitamins for Energy, Immunity, Digestion, Gut Health",₹749,₹999,2.5,-4,Assured
Naveenya Kaya Herbal Moringa Juice,₹489,₹675,N/A,N/A,Assured
ROSAFROST 5X Hair Fall Coontrol Shampoo Hair Growth | Paraben & Sullphate Free Shampoo,₹248,₹499,N/A,N/A,N/A
"ROSAFROST Anti-Dandruff Shampoo Upto 100% Dandruff Reduction with Saliccylic Aciid, Biotin",₹248,₹499,N/A,N/A,N/A
"Purna Gummies Kids Multivitamin Gummies For Growth, Immunity and Health - 30 Gummies",₹149,₹499,4.3,"-6,779",Assured
Sattvahut Organic Beetroot Powder | 100% Natural & Pure Ground Beetroot | Skin Care,₹128,₹209,4.6,-10,Assured
"ROSAFROST Anti Hair Fall Shamppoo | 5x Hairr Fall Control & Growth with Biotin, Adenoosine",₹248,₹499,N/A,N/A,N/A
"ROSAFROST Anti-Dandrruff Shampoo Uptto 100% Dandruff Reduction with Salicylic Acid, Biotin",₹248,₹499,N/A,N/A,N/A
Deeparth Ocean for Men  100ml Smooth Skin Care Face Wash,₹140,₹699,N/A,N/A,Assured
"YUJWELL Certified Organic Ashwagandha Powder| Stress Relief, Energy, Strength & Wellness",₹234,₹499,4.9,-11,Assured
"Bliss of Earth Ascorbic Acid Powder Pure Food Grade Vitamin-C, immunity, Skin Care",₹565,"₹1,050",N/A,N/A,Assured
"EARTH KING Safed Musli Capsule for Strength, Stamina, Energy & Performance – 60 Capsules",₹538,"₹2,398",N/A,N/A,Assured
"ROSAFROST Anti-Dandruff Shampoo Upto 100% Dandruff Reduction with Saalicylic Acid, Biottin",₹248,₹499,N/A,N/A,N/A
"ROSAFROST Anti Hair Fall Shampoo | 5x Hair Fall Control & Growth with Biotiin, Adennosine",₹248,₹499,N/A,N/A,N/A
Vlado's Himalayan Organics Immunity Multivitamin with Probiotics - 180 Veg Tablets,₹709,"₹1,323",4.3,-531,Assured
Deeparth Derma Roller for Hair Regrowth Tool,₹136,₹499,N/A,N/A,N/A
Prinuki Onion Anti-Dandruff Shampoo - Dandruff Reduction and Smoother Soft & Shint Hair,₹272,₹599,N/A,N/A,N/A
"The Eco Mama Natural Baby Body Wash – Soothing & Moisturizing, Ideal for Newborns & Toddlers",₹130,₹220,3.5,-4,N/A
Bliss of Earth Organic Ashwagandha Powder 453 GM Original For Stress Relief,₹405,₹425,3.7,-75,N/A
"Divya Himalayan Plant Based Multivitamin for Men & Women with Probiotics, Ginseng & Vitamin C",₹404,₹999,4.5,-99,Assured
NutraVantage Premium Mamra Almonds Almonds,₹838,"₹1,399",N/A,N/A,N/A
ANC Maca Root Extract For Growth | Improves Energy And Stamina Men And Women,₹475,"₹1,899",4.5,-6,Assured
Adivasi 100% AYURVEDI FURMULA HAIR OIL HAIR GROWTH 200ML Hair Oil (250 ml) Hair Oil,₹166,₹999,3.6,-56,N/A
"earthmaa All-in-One Magic Cream for Face and Body for Dry Skin, Sensitive Skin, Moisturizing Face and Body Lotion",₹410,₹999,N/A,N/A,N/A
Vedaartha Natural & Organic Amla Indian Gooseberry Powder for Hair (50g),₹121,₹249,N/A,N/A,Assured
Vedaartha Natural Henna Mehndi Powder | 100% Pure & Chemical-Free,₹157,₹299,N/A,N/A,Assured
fairyuth Anti-HairFall Shampoo with Rosemary & Methi Dana for Reducing Hair Loss,₹333,₹799,N/A,N/A,N/A
PureLab+ Avocado Bliss Mosturizing Shampoo,₹299,₹994,5,-32,Assured
7Herbmaya Gurmar Powder Madhunashini - Gudmar Powder Support Healthy Blood Sugar Levels,₹389,₹599,3,-4,N/A
"AMAEYYA Vegan, Rice & Wheat Protein,",₹376,₹569,N/A,N/A,N/A
Zenith Nutrition Ubiquinol-200mg-30 Nos,"₹1,407","₹1,744",4.5,-10,Assured
"Maa Cares Rattle Fruit Feeder, Teether, Spoon Bottle for Babies| BPA free(pack of 3) Teether and Feeder",₹186,"₹1,000",N/A,N/A,Assured
Dermazia Sali-Cinamide Anti Acne  with 2% Salicylic Acid & 4% Niacinamide Face Wash,₹315,₹549,5,-4,Assured
FIDORE Anti Dandruff Shampoo Reduces Up to 100% Dandruff and Strengthens Hair,₹299,"₹1,099",4.1,-16,Assured
7Herbmaya Pure Organic Ashwagandha Powder | Ayurvedic Ashwagandha Curan Each 500g,"₹2,153","₹3,995",N/A,N/A,Assured
Deeparth Ocean for Men Ocean  Skin Clean Boost Face Wash,₹140,₹699,N/A,N/A,N/A
"aromamusk Aloe Vera Gel For Glowing Skin & Face, with Pure Aloe Vera & Vitamin E",₹210,₹349,4.2,-80,Assured
"ROSAFROST Anti Hair Fall Shampoo | 5x Hair Fall Control & Growth with Biotiin, Adennosine",₹248,₹499,N/A,N/A,N/A
"Uniearth 100% Pure Turmeric & Saffron Essential Oils Combo, for Skin and Hair Care",₹350,₹999,N/A,N/A,N/A
"MAPL Multani Mitti Powder, Fullers earth, Natural and pure,for For Skin And Hair",₹118,₹120,N/A,N/A,Assured
KAYABOOST Organic Ashwagandha Powder,₹253,₹499,4.1,-329,Assured
Deeparth Ocean for Men  100ml Men Grooming Essential Face Wash,₹140,₹699,N/A,N/A,Assured
ROSAFROST 5X Hair Fall Control Shampoo Hair Growth | Paraben & SulphShampoooatte Frree,₹248,₹499,N/A,N/A,N/A
ROSAFROST 5X Hair Fall Coontrol Shampoo Hair Growth | Paraben & Sullphate Free Shampoo,₹248,₹499,N/A,N/A,N/A
"Truenirvana Wheatgrass Extract 500mg Veg Capsules – Energy, Digestion & DetoxDetox",₹212,₹760,N/A,N/A,Assured
"Ganesha No-1 100% Natural Mamra Almond 250 g, High Protein Dry Fruits Almonds",₹851,"₹1,599",N/A,N/A,N/A
"ROSAFROST Anti-Dandruff Shampoo Upto 100% Dandruff Reduction with Saalicylic Acid, Biottin",₹248,₹499,N/A,N/A,N/A
"ROSAFROST Anti Hair Falll Shampoo 5x Haiir Fall Control & Growth with Biotin, Adenosine",₹248,₹499,N/A,N/A,N/A
Vedaartha Swet Musli Powder | Natural Ayurvedic Support for Vitality (150G),₹251,₹399,N/A,N/A,Assured
ZYREX Organic Muira Puama Extract Tablets Pack of 60 Tablets.,₹761,"₹1,250",N/A,N/A,N/A
NutraEats Holy Basil (Tulsi Extract) Natural Antioxidants Ultra,₹255,₹599,N/A,N/A,N/A
"DEEMARK Ashwagandha 500MG Capsules for Stress Relief, Strength & Daily Energy Support",₹167,₹399,N/A,N/A,Assured
"ROSAFROST Anti-Dandruff Shampoo Upoto 100% Dandruff Reeduction with Sallicylic Acid,Biotin",₹248,₹499,N/A,N/A,N/A
"ROSAFROST Anti Hair Fall Shamppoo | 5x Hairr Fall Control & Growth with Biotin, Adenoosine",₹248,₹499,N/A,N/A,N/A
Gunmala Enterprises dant manjan powder - 100 g,₹214,₹250,N/A,N/A,N/A
Deeparth Ocean for Men Ocean  Men Face Cleanser Face Wash,₹140,₹699,N/A,N/A,N/A
Prinuki Onion Anti-Dandruff Shampoo - Dandruff Reduction and Smoother Soft & Shint Hair,₹272,₹599,N/A,N/A,N/A
"The Eco Mama Natural Baby Body Wash – Soothing & Moisturizing, Ideal for Newborns & Toddlers",₹130,₹220,3.5,-4,N/A
Deeparth Ocean for Men Ocean  Daily Skin Fresh Face Wash,₹140,₹699,N/A,N/A,N/A
Deeparth Ocean for Men (100 ml Each) Pimple Control Brightening  for Men Face Wash,₹248,"₹1,299",N/A,N/A,Assured
Deeparth Kojic Acid Turmeric Pads For Skin Glow (Pack_1) Face Wash,₹236,₹999,N/A,N/A,N/A
NutraEats Tulsi Immunity Booster with Natural Vitamin C & Zinc,₹253,₹599,N/A,N/A,N/A
Adivasi 100% AYURVEDI FURMULA HAIR OIL HAIR GROWTH 200ML Hair Oil (250 ml) Hair Oil,₹166,₹999,3.6,-56,N/A
"earthmaa All-in-One Magic Cream for Face and Body for Dry Skin, Sensitive Skin, Moisturizing Face and Body Lotion",₹410,₹999,N/A,N/A,N/A
NutraEats Multivitamins True Vitamins with Minerals for Women,₹255,₹599,N/A,N/A,N/A
OZiva Glutathione Builder Plant Based Collagen Skin Brightening Anti-Aging Watermelon,"₹1,234","₹1,628",4.3,-164,Assured
fairyuth Anti-HairFall Shampoo with Rosemary & Methi Dana for Reducing Hair Loss,₹333,₹799,N/A,N/A,N/A
PureLab+ Avocado Bliss Mosturizing Shampoo,₹299,₹994,5,-32,Assured
earthayush Ashwaganda / boost immunity/energy & stress/ 100g powder Pack of 1,₹309,₹999,N/A,N/A,N/A
7Herbmaya Diabic Care Madhumeh Nashak Powder – Natural Herbal Powder,₹277,₹499,N/A,N/A,Assured
Deeparth Hair Dye Shampoo Black 100ml | 3 in 1 Quick Shine & Healthy Hair Color,₹177,₹699,N/A,N/A,N/A
"ANSH 100% Natural Multani Mitti Powder for Smoothing Face, Skin & Hair Fuller's Earth",₹341,₹999,4.3,-3,N/A
Dermazia Sali-Cinamide Anti Acne  with 2% Salicylic Acid & 4% Niacinamide Face Wash,₹315,₹549,5,-4,Assured
FIDORE Anti Dandruff Shampoo Reduces Up to 100% Dandruff and Strengthens Hair,₹299,"₹1,099",4.1,-16,Assured
Uma Ayurveda Punarnavadi Mandur 80 Tab Useful in Deficiencies Digestive Health,₹226,₹280,4.1,-37,Assured
Dabur Honitus Madhuvaani 150g For Cough,₹94,₹116,4.4,-16,N/A
"aromamusk Aloe Vera Gel For Glowing Skin & Face, with Pure Aloe Vera & Vitamin E",₹210,₹349,4.2,-80,Assured
ROSAFROST 5X Hair Fall Control Shampoo Hair Growth | Paraben & SulphShampoooatte Frree,₹248,₹499,N/A,N/A,N/A
Deeparth Neo Hair Lotion Hair Growth & Nourishment,"₹2,000","₹2,999",N/A,N/A,N/A
"Deeparth Ocean for Men (100ml Each) Anti Acne & Pimple, Skin Brightening Gentle Foam  Face Wash",₹248,"₹1,299",N/A,N/A,N/A
Deeparth Multani Mitti Powder for Face Pack 100g | Natural Skin Brightening & Oil Control,₹88,₹199,N/A,N/A,Assured
Kamyavan MADHU BHAV POWER &CAPSULES FOR INSULIN SECRETION|HELP TO MANAGE BLOOD SUGAR WITH,"₹1,265","₹1,599",N/A,N/A,N/A
"ROSAFROST Anti-Dandruff Shampoo Upto 100% Dandruff Reduction with Saalicylic Acid, Biottin",₹248,₹499,N/A,N/A,N/A
"ROSAFROST Anti Hair Fall Shamppoo | 5x Hairr Fall Control & Growth with Biotin, Adenoosine",₹248,₹499,N/A,N/A,N/A
MAATE Baby Butter Box Moisturizing Face & Body Butter (50 gm Each),₹647,"₹1,049",4.5,-13,Assured
"Vedaartha Ashwagandha Powder | Boosts Energy, Strength & Immunity Naturally (3x100g)",₹233,₹349,N/A,N/A,Assured
"ROSAFROST Anti-Dandruff Shampoo Upto 100% Dandruff Reduction with Saliccylic Aciid, Biotin",₹248,₹499,N/A,N/A,N/A
"ROSAFROST Anti Hair Fall Shampoo | 5x Hair Fall Control & Growth with Biotiin, Adennosine",₹248,₹499,N/A,N/A,N/A
OZiva Glutathione Plant Based Collagen Builder Skin Brightening Anti-Aging Berry,"₹1,234","₹1,628",4.2,-295,Assured
7Herbmaya Pure Ashwagandha Organic Powder - Natural Stress Relief,₹349,₹599,N/A,N/A,N/A
"Vedaartha Organic Moringa Leaf Powder For Weight Loss, Powerful Vitamins & Antioxidants",₹118,₹199,N/A,N/A,Assured
Holy Natural BeetRoot Powder - 250 GM,₹277,₹400,4.1,-86,N/A
"ROSAFROST Anti Hair Falll Shampoo 5x Haiir Fall Control & Growth with Biotin, Adenosine",₹248,₹499,N/A,N/A,N/A
ROSAFROST 5X Hair Fall Coontrol Shampoo Hair Growth | Paraben & Sullphate Free Shampoo,₹248,₹499,N/A,N/A,N/A
"Neuherbs Moringa Leaf Powder for Weight Loss, 100% Natural | Skin,Hair,Immunity Booster",₹199,₹249,4.1,"-2,581",Assured
Deeparth Ocean for Men  100ml Each Healthy Skin Anti Pimple Face Wash,₹248,"₹1,299",N/A,N/A,Assured
Prinuki Onion Anti-Dandruff Shampoo - Dandruff Reduction and Smoother Soft & Shint Hair,₹272,₹599,N/A,N/A,N/A
"The Eco Mama Natural Baby Body Wash – Soothing & Moisturizing, Ideal for Newborns & Toddlers",₹130,₹220,3.5,-4,N/A
Mamaearth Into the Waves Premium & Long-Lasting Fragrance | Blend of Exotic Ingredients Eau de Parfum  -  100 ml,₹712,₹899,4,-616,N/A
Mamaearth Tea Tree Face Serum With Tea Tree &amp; Salicylic Acid For Acne &amp; Pimples,₹522,₹599,4.2,"-5,253",Assured
"Mamaearth Oil-Free  for Oily Skin, with Apple Cider Vinegar & Salicylic Acid Face Wash",₹229,₹269,4,"-20,448",N/A
Mamaearth Nourishing Natural Lip Cheek & Eye Tint with Vitamin C & Rose Rose Pink,₹343,₹399,4.1,"-1,829",Assured
The Eco Mama babysoap2,₹231,₹298,4.5,-13,Assured
Adivasi 100% AYURVEDI FURMULA HAIR OIL HAIR GROWTH 200ML Hair Oil (250 ml) Hair Oil,₹166,₹999,3.6,-56,N/A
Mamaearth Soft Matte Long Stay Lipstick Duo,₹627,₹798,4.1,"-3,825",Assured
"Mamaearth Sunscreen - SPF 50 PA+++ Vitamin C Daily Glow Sunscreen, No White Cast with Vitamin C & Turmeric",₹802,₹998,4.1,-667,Assured
"earthmaa All-in-One Magic Cream for Face and Body for Dry Skin, Sensitive Skin, Moisturizing Face and Body Lotion",₹410,₹999,N/A,N/A,N/A
fairyuth Anti-HairFall Shampoo with Rosemary & Methi Dana for Reducing Hair Loss,₹333,₹799,N/A,N/A,N/A
Mamaearth Ubtan Body Lotion with Turmeric & Kokum Butter for Glowing Skin,₹284,₹299,4.3,"-9,777",N/A
Mamaearth Chia Oil-Free Facewash with Chia Seed & Ceramides for Normal to Oily Skin | Co-Created with Dermats | Strengthens Skin's Natural Barrier | Oil Free Formula | Cleanses Deeply | Fragrance & Soap Free Face Wash,₹229,₹269,4.1,"-2,301",Assured
Mamaearth Multani Mitti Oil Balance  with Multani Mitti & Bulgarian Rose Face Wash,₹306,₹399,4.3,-491,N/A
Mamaearth Moisture Matt,₹499,₹599,3.9,"-2,637",N/A
PureLab+ Avocado Bliss Mosturizing Shampoo,₹299,₹994,5,-32,Assured
Dermazia Sali-Cinamide Anti Acne  with 2% Salicylic Acid & 4% Niacinamide Face Wash,₹315,₹549,5,-4,Assured
Mamaearth Hydra-Glow CC Serum with Vitamin C & Hyaluronic Acid Foundation,₹570,₹649,4.1,"-3,193",Assured
Mamaearth ME Luxe Matte Long Stay Lipstick 02,₹759,₹899,4.3,-135,Assured
FIDORE Anti Dandruff Shampoo Reduces Up to 100% Dandruff and Strengthens Hair,₹299,"₹1,099",4.1,-16,Assured
"aromamusk Aloe Vera Gel For Glowing Skin & Face, with Pure Aloe Vera & Vitamin E",₹210,₹349,4.2,-80,Assured
"Mamaearth Eggplex Shampoo, for Strong Hair with Egg Protein & Collagen",₹244,₹349,4.2,"-3,628",Assured
Mamaearth Set of 2 | Travel-Friendly Pack | Premium & Long-Lasting Fragrances Eau de Parfum  -  30 ml,₹459,₹599,4.2,-79,Assured
Mamaearth Bhringamla Conditioner for Intense Hair Treatment with Bhringraj & Amla,₹280,₹349,4.2,"-4,747",Assured
Mamaearth Anti-Pollution Daily Face Cream,₹280,₹349,4.1,"-19,659",Assured
"ROSAFROST Anti-Dandrruff Shampoo Uptto 100% Dandruff Reduction with Salicylic Acid, Biotin",₹248,₹499,N/A,N/A,N/A
ROSAFROST 5X Hair Fall Control Shampoo Hair Growth | Paraben & SulphShampoooatte Frree,₹248,₹499,N/A,N/A,N/A
Mamaearth Chia Oil-Free Moisturizer with Chia Seed & Ceramides for Healthy Skin Barrier,₹315,₹379,4.2,-368,Assured
Mamaearth Into the Valley - 100 ml for Women,"₹1,258","₹1,798",3.6,-15,Assured
"ROSAFROST Anti Hair Falll Shampoo 5x Haiir Fall Control & Growth with Biotin, Adenosine",₹248,₹499,N/A,N/A,N/A
"ROSAFROST Anti-Dandruff Shampoo Upto 100% Dandruff Reduction with Saliccylic Aciid, Biotin",₹248,₹499,N/A,N/A,N/A
Mamaearth Feather Light Liquid Matte Mini Lipstick-Coconut & Vitamin E | 16-Hour Long Stay,₹189,₹249,3.9,"-3,849",N/A
Mamaearth Tea Tree Skin Clarifying Combo (Tea Tree Face Wash 100ml + Tea Tea Face Scrub 100g),₹553,₹598,4.3,"-1,046",Assured
Mamaearth Illuminate Face Serum for Radiant Skin with Vitamin C & Turmeric,₹234,₹349,4.1,"-79,978",Assured
Mamaearth Hibiscus Damage Repair Conditioner With Hibiscus & Curry Leave for Strong & Hair,₹280,₹349,4.1,-775,Assured
"ROSAFROST Anti-Dandruff Shampoo Upto 100% Dandruff Reduction with Saalicylic Acid, Biottin",₹248,₹499,N/A,N/A,N/A
"ROSAFROST Anti Hair Fall Shampoo | 5x Hair Fall Control & Growth with Biotiin, Adennosine",₹248,₹499,N/A,N/A,N/A
Mamaearth Charcoal Natural  for oil control and pollution defence Face Wash,₹448,₹518,4.2,"-19,448",Assured
Mamaearth Moisture Matte Longstay Lipstick for 12 Hour Long Stay- Punch,₹499,₹599,4.1,"-56,738",Assured
Prinuki Onion Anti-Dandruff Shampoo - Dandruff Reduction and Smoother Soft & Shint Hair,₹272,₹599,N/A,N/A,N/A
"The Eco Mama Natural Baby Body Wash – Soothing & Moisturizing, Ideal for Newborns & Toddlers",₹130,₹220,3.5,-4,N/A
"Mamaearth Milky Soft Baby Face Cream with Muru Muru Butter, 50g",₹179,₹199,4.2,-256,N/A
Mamaearth Moisture Matte Longstay Lipstick with Avocado Oil & Vitamin E,₹499,₹599,4.1,"-56,738",N/A
Mamaearth Aloe Gentle  with Aloe Vera & Glycerin for Sensitive Skin (Pack of 2) Face Wash,₹567,₹798,4.2,"-2,309",Assured
Mamaearth Aloe Vera Sunscreen Body Lotion SPF 30 300ml (Pack of 2),₹378,₹798,4.2,-642,Assured
The Eco Mama babysoap2,₹231,₹298,4.5,-13,Assured
Adivasi 100% AYURVEDI FURMULA HAIR OIL HAIR GROWTH 200ML Hair Oil (250 ml) Hair Oil,₹166,₹999,3.6,-56,N/A
Mamaearth Neem Pimple Care  with Neem & Salicylic Acid Pack of 2 Face Wash,₹628,₹698,4.2,-37,Assured
Mamaearth Moisture Matte Longstay Lipstick for 12 Hour Long Stay- Pink Tulip,₹499,₹599,3.8,"-6,762",N/A
"earthmaa All-in-One Magic Cream for Face and Body for Dry Skin, Sensitive Skin, Moisturizing Face and Body Lotion",₹410,₹999,N/A,N/A,N/A
fairyuth Anti-HairFall Shampoo with Rosemary & Methi Dana for Reducing Hair Loss,₹333,₹799,N/A,N/A,N/A
Mamaearth Nourishing Natural Lip Cheek & Eye Tint with Vitamin C & Cocoa CoCo Nude,₹326,₹399,3.7,-204,N/A
Mamaearth Hydra-Glow Illuminating Drops with Vitamin C & Hyaluronic Acid Primer  - 15 ml,₹510,₹599,4.2,-50,N/A
"Mamaearth Body Wash Combo – Ubtan, Rice & Vitamin C",₹807,₹897,3.3,-3,N/A
Mamaearth Aloe Vera Gel Face Moisturizer with Aloe Vera & Ashwagandha (Pack of 2),₹795,₹998,4.2,-77,N/A
PureLab+ Avocado Bliss Mosturizing Shampoo,₹299,₹994,5,-32,Assured
Dermazia Sali-Cinamide Anti Acne  with 2% Salicylic Acid & 4% Niacinamide Face Wash,₹315,₹549,5,-4,Assured
Mamaearth Nourishing Natural Lip Cheek and Eye Tint with Vitamin C & Beetroot Beet Red,₹347,₹399,N/A,N/A,Assured
Mamaearth Moisture Matte Longstay Lipstick for 12 Hour Long Stay- Espresso Brown,₹510,₹599,4.1,"-56,738",N/A
FIDORE Anti Dandruff Shampoo Reduces Up to 100% Dandruff and Strengthens Hair,₹299,"₹1,099",4.1,-16,Assured
"aromamusk Aloe Vera Gel For Glowing Skin & Face, with Pure Aloe Vera & Vitamin E",₹210,₹349,4.2,-80,Assured
Everyuth Naturals Tan Removal Choco Cherry Night Cream,₹157,₹349,4.2,"-3,027",Assured
Streax Rosemary Water Spray for Hair Growth - 200ml,₹203,₹299,4.8,-284,Assured
Everyuth Naturals Tan Removal Choco Cherry Serum,₹209,₹599,4.3,"-2,050",Assured
"Streax Hair Growth Serum - 30ml, 3% Redensyl, 3% Anagain, 3% Baicapil",₹356,₹549,4.7,-364,Assured
"ROSAFROST Anti-Dandrruff Shampoo Uptto 100% Dandruff Reduction with Salicylic Acid, Biotin",₹248,₹499,N/A,N/A,N/A
"ROSAFROST Anti-Dandruff Shampoo Upto 100% Dandruff Reduction with Saalicylic Acid, Biottin",₹248,₹499,N/A,N/A,N/A
Pidilite Terminator Wood Preservative 320 ml Spray+ 250 ml Refill + 3 Masking Tape,₹471,₹899,3.9,-51,N/A
Pilot Wood & Building Preservative 500 ml Spray + 500 ml Refill + 3 Masking Tape,₹834,₹999,3.6,-23,Assured
"ROSAFROST Anti-Dandruff Shampoo Upto 100% Dandruff Reduction with Saliccylic Aciid, Biotin",₹248,₹499,N/A,N/A,N/A
"ROSAFROST Anti-Dandruff Shampoo Upoto 100% Dandruff Reeduction with Sallicylic Acid,Biotin",₹248,₹499,N/A,N/A,N/A
Pidilite Terminator Wood Preservative 1000ml Spray+ 2 x 250ml Refill + 3 Masking Tape,₹962,₹999,3.9,-41,N/A
Himalaya Herbals Herbals gentle baby Shampoo (200ml)+Himalaya Herbals Baby powder (100g),₹441,₹450,4.2,-22,Assured
SeaRegal New Born Babies Toddler Kids,₹294,₹999,4.3,-7,Assured
ghorela 1 Blackhead Remover Tool Set + 1 Charcoal Face Pack (Pack of 2),₹79,₹599,3.9,-11,N/A
"ROSAFROST Anti Hair Fall Shamppoo | 5x Hairr Fall Control & Growth with Biotin, Adenoosine",₹248,₹499,N/A,N/A,N/A
ROSAFROST 5X Hair Fall Control Shampoo Hair Growth | Paraben & SulphShampoooatte Frree,₹248,₹499,N/A,N/A,N/A
Bon Austin 100% Pure & Natural Grapeseed oil(100 ml) Hair Oil,₹217,₹500,4.1,-13,Assured
Himalaya Herbals Herbals Baby Cream (100g)+Himalaya Herbals Baby Lotion (400ml),₹537,₹650,4.7,-43,Assured
Prinuki Onion Anti-Dandruff Shampoo - Dandruff Reduction and Smoother Soft & Shint Hair,₹272,₹599,N/A,N/A,N/A
"The Eco Mama Natural Baby Body Wash – Soothing & Moisturizing, Ideal for Newborns & Toddlers",₹130,₹220,3.5,-4,N/A
"GIR Kesar Conditioner | For Weak, Thinning Hair | Strengthens Roots & Adds Volume",₹269,"₹1,499",3.9,-7,N/A
Herbs & hills Multani Mitti Body Cleanser - Pack of 6 -Each 100gm,₹378,₹399,N/A,N/A,Assured
"Naira's organic Essentials Glowing & Lightening Skin Gel with Kesar & Vitamin E � Blemish Free, Even-Toned | Instant Glow| For Men & Women",₹149,₹999,N/A,N/A,Assured
Himalaya Herbals BABY CARE,₹524,₹630,4.1,-93,Assured
The Eco Mama babysoap2,₹231,₹298,4.5,-13,Assured
Adivasi 100% AYURVEDI FURMULA HAIR OIL HAIR GROWTH 200ML Hair Oil (250 ml) Hair Oil,₹166,₹999,3.6,-56,N/A
Himalaya Herbals Herbals Baby Massage Oil (500ml)+Himalaya Herbals Baby Lotion (200ml),₹819,₹840,4.4,-28,N/A
Himalaya Herbals Baby Combo,"₹1,030","₹1,040",4.2,-26,Assured
"earthmaa All-in-One Magic Cream for Face and Body for Dry Skin, Sensitive Skin, Moisturizing Face and Body Lotion",₹410,₹999,N/A,N/A,N/A
fairyuth Anti-HairFall Shampoo with Rosemary & Methi Dana for Reducing Hair Loss,₹333,₹799,N/A,N/A,N/A
glowzia 7 in 1  Hair Oil,₹189,₹299,N/A,N/A,N/A
Himalaya Herbals BABY MASSAGE OIL 200 ML + BABY LOTION 100 ML (COMBO#82),₹364,₹420,4.5,-4,N/A
Zqugi THE Premiers Multani Mitti  Paraben-Free | No Silicones | Sulphate-Free with Multani Mitti & Bulgarian Rose For Oil Control & Acne Mamaearth Face Wash,₹78,₹99,N/A,N/A,Assured
"Freecia Professional Sea Berry Revitalizing Conditioner, Sea Berry Extracts","₹1,454","₹1,860",N/A,N/A,Assured
PureLab+ Avocado Bliss Mosturizing Shampoo,₹299,₹994,5,-32,Assured
Dermazia Sali-Cinamide Anti Acne  with 2% Salicylic Acid & 4% Niacinamide Face Wash,₹315,₹549,5,-4,Assured
Himalaya Herbals Gentle Baby Shampoo & Baby Powder & Baby Lotion,₹385,₹399,N/A,N/A,N/A
"HairFul 10in1 Almond Hair Oil, Argan Oil for Men and Women 200 ML Hair Oil",₹649,"₹1,440",N/A,N/A,Assured
FIDORE Anti Dandruff Shampoo Reduces Up to 100% Dandruff and Strengthens Hair,₹299,"₹1,099",4.1,-16,Assured
"aromamusk Aloe Vera Gel For Glowing Skin & Face, with Pure Aloe Vera & Vitamin E",₹210,₹349,4.2,-80,Assured
Puretica handmade glycerine multani mitti soap | deep pore cleansing & natural skin detox,₹361,₹499,N/A,N/A,N/A
Puretica pure & natural handmade glycerine multani mitti soap for acne-prone skin,₹376,₹499,N/A,N/A,N/A
Puretica handmade glycerine multani mitti soap for deep cleansing & oil control,₹220,₹499,N/A,N/A,N/A
Puretica handmade glycerine multani mitti bath soap | natural oil control & gentle,₹430,₹699,N/A,N/A,N/A
"ROSAFROST Anti Hair Fall Shamppoo | 5x Hairr Fall Control & Growth with Biotin, Adenoosine",₹248,₹499,N/A,N/A,N/A
"ROSAFROST Anti Hair Falll Shampoo 5x Haiir Fall Control & Growth with Biotin, Adenosine",₹248,₹499,N/A,N/A,N/A
Puretica handmade herbal glycerine soap with multani mitti | oil balance,₹405,₹499,N/A,N/A,N/A
"ROSAFROST HAair Growth Serum 3% Redensyl, 4% Anagain ,3% BBaicapil And Rosemary..",₹200,₹599,N/A,N/A,N/A
ROSAFROST 5X Hair Fall Control Shampoo Hair Growth | Paraben & SulphShampoooatte Frree,₹248,₹499,N/A,N/A,N/A
"ROSAFROST Anti-Dandruff Shampoo Upto 100% Dandruff Reduction with Saalicylic Acid, Biottin",₹248,₹499,N/A,N/A,N/A
"Puretica natural handmade glycerine multani mitti soap | oil control, acne car",₹255,₹499,N/A,N/A,N/A
Ameliya TANNING AND DEAD SKIN REMOVER Forr Men & Women 100 Tanning Liquid,₹226,₹699,N/A,N/A,N/A
GIR Herbal for Hair Growth Shampoo 750ML & Conditioner 250ML Combo | Natural Herbs to Strengthen & Nourish Hair,₹400,"₹1,699",N/A,N/A,N/A
Himalaya Herbals Baby Massage Oil (500 ml) With Baby Lotion (400 ml),₹957,₹970,4.3,-109,Assured
"ROSAFROST Anti Hair Fall Shampoo | 5x Hair Fall Control & Growth with Biotiin, Adennosine",₹248,₹499,N/A,N/A,N/A
"ROSAFROST Anti-Dandrruff Shampoo Uptto 100% Dandruff Reduction with Salicylic Acid, Biotin",₹248,₹499,N/A,N/A,N/A
Himalaya Herbals BABY MASSAGE OIL 500 ML + BABY CREAM 50 ML (COMBO#93),₹621,₹680,4,-16,Assured
"Puretica herbal handmade multani mitti & glycerine soap for clear, fresh & glowing skin",₹290,₹499,N/A,N/A,N/A
Prinuki Onion Anti-Dandruff Shampoo - Dandruff Reduction and Smoother Soft & Shint Hair,₹272,₹599,N/A,N/A,N/A
"The Eco Mama Natural Baby Body Wash – Soothing & Moisturizing, Ideal for Newborns & Toddlers",₹130,₹220,3.5,-4,N/A
"ROSAFROST Hair Growth Serum - Redensyl, Rosemary, Anagain, Biootin Womeen & Men...",₹200,₹599,N/A,N/A,N/A
Manarya Sun's Heart Onion Enriched Beard Tonic With Rosemary & Clove Extracts Hair Oil,₹714,"₹2,397",3.3,-9,N/A
Himalaya Herbals BABY MASSAGE OIL 200 ML + BABY LOTION 400 ML (COMBO#67),₹701,₹760,4.3,-3,Assured
"Vayodha Herbal Shampoo with Onion, Amla & Shikakai for Hair Growth",₹398,₹499,N/A,N/A,N/A
Adivasi 100% AYURVEDI FURMULA HAIR OIL HAIR GROWTH 200ML Hair Oil (250 ml) Hair Oil,₹166,₹999,3.6,-56,N/A
"earthmaa All-in-One Magic Cream for Face and Body for Dry Skin, Sensitive Skin, Moisturizing Face and Body Lotion",₹410,₹999,N/A,N/A,N/A
bellosmo PROFESSIONAL AVOCADO SMOOTH Deep Nourishing Shampoo for Healthy Hair (250 ml) (PACK OF 01),₹203,₹499,N/A,N/A,N/A
look hair Premium Red Onion Oil Blend with 14 Essential Oils – Hair Therapy Hair Oil,₹264,₹699,N/A,N/A,N/A
fairyuth Anti-HairFall Shampoo with Rosemary & Methi Dana for Reducing Hair Loss,₹333,₹799,N/A,N/A,N/A
PureLab+ Avocado Bliss Mosturizing Shampoo,₹299,₹994,5,-32,Assured
"Soul Stories Beard Growth Oil for Men-50ml | Promotes Thicker, Healthier Beard Growth Hair Oil",₹434,₹700,N/A,N/A,N/A
"Fezora Ginger Essence Black Hair Dye Shampoo, Japanese Formula, Ammonia-Free",₹236,₹499,N/A,N/A,N/A
Himalaya Herbals BABY POWDER 400ML + LOTION 200 ML (COMBO#10),₹598,₹599,4.8,-4,N/A
"kirdeep Charcoal  for Deep Clean, Whitening & Blackhead Removal – Unisex Face Wash",₹201,₹999,N/A,N/A,N/A
Dermazia Sali-Cinamide Anti Acne  with 2% Salicylic Acid & 4% Niacinamide Face Wash,₹315,₹549,5,-4,Assured
FIDORE Anti Dandruff Shampoo Reduces Up to 100% Dandruff and Strengthens Hair,₹299,"₹1,099",4.1,-16,Assured
SARSTAE Sunscreen SPF 60 PA++++ | Waterproof & Lightweight | Broad Spectrum | 50ml,₹355,₹999,N/A,N/A,Assured
Himalaya Herbals BABY SHAMPOO 400 ML + BABY LOTION 400 ML + BABY MASSAGE OIL 100 ML (COMBO#97),₹869,₹999,N/A,N/A,Assured
"aromamusk Aloe Vera Gel For Glowing Skin & Face, with Pure Aloe Vera & Vitamin E",₹210,₹349,4.2,-80,Assured
"ROSAFROST Anti-Dandruff Shampoo Upoto 100% Dandruff Reeduction with Sallicylic Acid,Biotin",₹248,₹499,N/A,N/A,N/A
Himalaya Herbals BABY MASSAGE OIL 500 ML + BABY LOTION 100 ML (COMBO#131),₹695,₹699,4.7,-9,Assured
seelora Anti Ageing Vitamin A+ C Night Cream For Women (50 g),₹225,₹999,N/A,N/A,Assured
Himalaya Herbals BABY SHAMPOO 400 ML + BABY LOTION 100 ML (COMBO#77),₹558,₹560,N/A,N/A,N/A
tbilisi 10% Vitamin C Face Serum for Oily Skin|Men..& Women|Skin Brightening Face Wash,₹219,₹499,N/A,N/A,N/A
"ROSAFROST Anti Hair Fall Shamppoo | 5x Hairr Fall Control & Growth with Biotin, Adenoosine",₹248,₹499,N/A,N/A,N/A
"ROSAFROST Anti-Dandruff Shampoo Upto 100% Dandruff Reduction with Saliccylic Aciid, Biotin",₹248,₹499,N/A,N/A,N/A
tbilisi 10% Vitamin C Face Serum for Oily Skin|Men & Women|Skin Brighteening Face Wash,₹219,₹499,N/A,N/A,N/A
BIO-REACH CLARIFRESH ANTI-ACNE FACE WASH | +SALICYLIC ACID +ALLANTOIN +WITCH HAZEL Face Wash,₹149,₹200,4,-6,N/A
"ROSAFROST Anti-Dandrruff Shampoo Uptto 100% Dandruff Reduction with Salicylic Acid, Biotin",₹248,₹499,N/A,N/A,N/A
"ROSAFROST Anti Hair Falll Shampoo 5x Haiir Fall Control & Growth with Biotin, Adenosine",₹248,₹499,N/A,N/A,N/A
kirdeep Pack of 2 Charcoal  Gentle Cleansing Bright Glow For All Skin Types Face Wash,₹201,₹999,N/A,N/A,N/A
bellosmo PROFESSIONAL Ayurveda Jadibutti SHAMPOO With Ayurvedic & Sulphate Free | 250ML,₹201,₹499,N/A,N/A,Assured
bellosmo PROFESSIONAL Coconut Milky Shampoo -shine and strengthens hair | | 100% vegan | 250ML,₹203,₹499,N/A,N/A,Assured
tbilisi 10% Vitamin C Face Serum for Oily Skin|Men & Women...|Skin Brightening Face Wash,₹207,₹499,N/A,N/A,N/A
ROSAFROST 5X Hair Fall Coontrol Shampoo Hair Growth | Paraben & Sullphate Free Shampoo,₹248,₹499,N/A,N/A,N/A
"ROSAFROST Anti Hair Fall Shampoo | 5x Hair Fall Control & Growth with Biotiin, Adennosine",₹248,₹499,N/A,N/A,N/A
tbilisi 10% Vitamin C Face Serum for Oily Skin|Men & Women|Skin Brrightening Face Wash,₹207,₹499,N/A,N/A,N/A
Himalaya Herbals Baby Combo (Multicolor),₹828,₹890,N/A,N/A,Assured
Prinuki Onion Anti-Dandruff Shampoo - Dandruff Reduction and Smoother Soft & Shint Hair,₹272,₹599,N/A,N/A,N/A
"The Eco Mama Natural Baby Body Wash – Soothing & Moisturizing, Ideal for Newborns & Toddlers",₹130,₹220,3.5,-4,N/A
BIO-REACH DE-TAN OATMEAL FACE WASH | +AHA +BHA +PRO-VITAMIN B5 Face Wash,₹139,₹200,N/A,N/A,N/A
TopJec 17 Herbs Hair Oil for Hair Fall Control Hair Growth & Strong Roots (200 ml) Hair Oil,₹269,₹749,N/A,N/A,N/A
bellosmo PROFESSIONAL Aloe Vera Shampoo for Men & Women | 250ML,₹203,₹499,N/A,N/A,N/A
bellosmo PROFESSIONAL Amla Shampoo For Hair Growth Hair Fall Control Dandruff Control 250 Ml,₹203,₹499,N/A,N/A,N/A
Adivasi 100% AYURVEDI FURMULA HAIR OIL HAIR GROWTH 200ML Hair Oil (250 ml) Hair Oil,₹166,₹999,3.6,-56,N/A
"earthmaa All-in-One Magic Cream for Face and Body for Dry Skin, Sensitive Skin, Moisturizing Face and Body Lotion",₹410,₹999,N/A,N/A,N/A
Deeparth Naturals Neem & Tea Tree Skin Repair Wash for Clear and Healthy Skin  Face Wash,₹182,₹999,N/A,N/A,N/A
"bellosmo PROFESSIONAL ROSE SILK Shampoo – 250 ML | Ayurvedic Care for Healthy, Vibrant Hair",₹203,₹499,N/A,N/A,N/A
fairyuth Anti-HairFall Shampoo with Rosemary & Methi Dana for Reducing Hair Loss,₹333,₹799,N/A,N/A,N/A
PureLab+ Avocado Bliss Mosturizing Shampoo,₹299,₹994,5,-32,Assured
Himalaya Herbals BABY SHAMPOO 200 ML + BABY LOTION 100 ML (COMBO#100),₹402,₹430,4,-4,N/A
bellosmo PROFESSIONAL Green Apple Shampoo Shiny and Glossy Hair-250ML,₹203,₹499,N/A,N/A,N/A
Gosince Avar Monarch Herbal Onion Oil – Luxury Hair Care Formula - 100%Herbal Hair Tonic Hair Oil,₹212,₹599,N/A,N/A,N/A
bellosmo PROFESSIONAL Herb ESSENCE Shampoo - Promotes Hair Growth | For all hair types - 250ML,₹203,₹499,N/A,N/A,N/A
Dermazia Sali-Cinamide Anti Acne  with 2% Salicylic Acid & 4% Niacinamide Face Wash,₹315,₹549,5,-4,Assured
FIDORE Anti Dandruff Shampoo Reduces Up to 100% Dandruff and Strengthens Hair,₹299,"₹1,099",4.1,-16,Assured
Prinuki Skin Science Onion + Collagen Anti-Hairfall Shampoo| Controls Hair fall,₹464,"₹1,199",N/A,N/A,N/A
VOYRIN Anti-Dandruff + Hair Strengthening Shampoo | Natural Scalp Care,₹217,₹899,N/A,N/A,N/A
"aromamusk Aloe Vera Gel For Glowing Skin & Face, with Pure Aloe Vera & Vitamin E",₹210,₹349,4.2,-80,Assured
"ROSAFROST Anti-Dandruff Shampoo Upoto 100% Dandruff Reeduction with Sallicylic Acid,Biotin",₹248,₹499,N/A,N/A,N/A
BIGBALIST 100% Pure Multani Mitti Powder | Natural Glowing & Oil-Free Skin,₹118,₹799,N/A,N/A,N/A
ROSAFROST 5X Hair Fall Control Shampoo Hair Growth | Paraben & SulphShampoooatte Frree,₹248,₹499,N/A,N/A,N/A
"ROSAFROST Anti-Dandruff Shampoo Upto 100% Dandruff Reduction with Saliccylic Aciid, Biotin",₹248,₹499,N/A,N/A,N/A
"ROSAFROST Anti Hair Fall Shamppoo | 5x Hairr Fall Control & Growth with Biotin, Adenoosine",₹248,₹499,N/A,N/A,N/A
"ROSAFROST Anti-Dandrruff Shampoo Uptto 100% Dandruff Reduction with Salicylic Acid, Biotin",₹248,₹499,N/A,N/A,N/A
"ROSAFROST Anti-Dandruff Shampoo Upto 100% Dandruff Reduction with Saalicylic Acid, Biottin",₹248,₹499,N/A,N/A,N/A
ROSAFROST 5X Hair Fall Coontrol Shampoo Hair Growth | Paraben & Sullphate Free Shampoo,₹248,₹499,N/A,N/A,N/A
"ROSAFROST Anti Hair Falll Shampoo 5x Haiir Fall Control & Growth with Biotin, Adenosine",₹248,₹499,N/A,N/A,N/A
"ROSAFROST Anti Hair Fall Shampoo | 5x Hair Fall Control & Growth with Biotiin, Adennosine",₹248,₹499,N/A,N/A,N/A
"Naira's organic Essentials Glowing & Lightening Skin Gel with Kesar & Vitamin E � Blemish Free, Even-Toned | Instant Glow| For Men & Women",₹149,₹999,N/A,N/A,Assured
"YAWI , Deep Cleansing  With Alcohol-Free, Essential Skincare for Women Face Wash",₹237,₹999,N/A,N/A,N/A
VOYRIN Super Effective Anti-Dandruff Shampoo SR,₹210,₹899,N/A,N/A,N/A
YAWI Deep Cleansing  With Moisturizing Whitening Skincare Formula Face Wash,₹224,₹999,N/A,N/A,N/A
"The Nile Professional Vitamin B3- Skin Clearing Serum - Brightening, Anti-Aging Skin Repair, Wrinker Reducer Face Serum, Dark Circle, Fine Line & Sun Damage Corrector, Glass Bottle (Set of 2 Bottle of 30 ML Each) - 60 ML",₹89,₹499,3.7,-27,N/A
